Workbook

Sheet Trường hợp kiểm thử
A1: TEST CASE SYSTEM SPRINT 1
A3: Tên dự án | B3: XÂY DỰNG HỆ THỐNG QUẢN LÝ NHÀ HÀNG THEO MÔ HÌNH TƯƠNG TÁC SỐ ĐA KÊNH
A4: STT | B4: Chức năng | C4: Sheet Name | D4: Số lượng Test | E4: Mô tả
A5: 1 | B5: Đăng nhập (Nhân viên & Khách) | C5: Đăng nhập (Nhân viên & Khách) | D5: ='Đăng nhập (Nhân viên & Khách)'!$F$4 -> 17 | E5: Ngọc
A6: 2 | B6: Đăng ký tài khoản khách hàng | C6: Đăng ký tài khoản khách hàng | D6: ='Đăng ký tài khoản khách hàng'!$F$4 -> 17 | E6: Ngọc
A7: 3 | B7: Quản lý danh mục món ăn | C7: Quản lý danh mục món ăn | D7: ='Quản lý danh mục món ăn'!$F$4 -> 22 | E7: Hiếu
A8: 4 | B8: Quản lý món ăn | C8: Quản lý món ăn | D8: ='Quản lý món ăn'!$F$4 -> 23 | E8: Hiếu
A9: 5 | B9: Quản lý bàn | C9: Quản lý bàn | D9: ='Quản lý bàn'!$F$4 -> 39 | E9: Lâm
A10: 6 | B10: Quét mã QR để truy cập menu | C10: Quét mã QR để truy cập menu | D10: ='Quét mã QR để truy cập menu'!$F$4 -> 22 | E10: Nam
A11: 7 | B11: Xem menu tại bàn | C11: Xem menu tại bàn | D11: ='Xem menu tại bàn'!$F$4 -> 18 | E11: Lâm
A12: 8 | B12: Gọi món tại bàn | C12: Gọi món tại bàn | D12: ='Gọi món tại bàn'!$F$4 -> 18 | E12: Nam
A13: 9 | B13: Xem danh sách món đã gọi | C13: Xem danh sách món đã gọi | D13: ='Xem danh sách món đã gọi'!$F$4 -> 18 | E13: Lâm
A14: 10 | B14: Khởi tạo đơn hàng cho bàn | C14: Khởi tạo đơn hàng cho bàn | D14: ='Khởi tạo đơn hàng cho bàn'!$F$4 -> 16 | E14: Lâm
A15: 11 | B15: Chuyển đơn hàng tới bếp | C15: Chuyển đơn hàng tới bếp | D15: ='Chuyển đơn hàng tới bếp'!$F$4 -> 4 | E15: Khiêm
A16: 12 | B16: Xem danh sách món cần nấu | C16: Xem danh sách món cần nấu | D16: ='Xem danh sách món cần nấu'!$F$4 -> 6 | E16: Khiêm
A17: 13 | B17: Cập nhật trạng thái món ăn | C17: Cập nhật trạng thái món ăn | D17: ='Cập nhật trạng thái món ăn'!$F$4 -> 12 | E17: Khiêm
A18: 14 | B18: Thông báo món đã hoàn thành | C18: Thông báo món đã hoàn thành | D18: ='Thông báo món đã hoàn thành'!$F$4 -> 2 | E18: Khiêm
A19: 15 | B19: Cập nhật trạng thái phục vụ món | C19: Cập nhật trạng thái phục vụ món | D19: ='Cập nhật trạng thái phục vụ món'!$F$4 -> 19 | E19: Khiêm
A20: 16 | B20: Quản lý đơn hàng (Staff) | C20: Quản lý đơn hàng (Staff) | D20: ='Quản lý đơn hàng (Staff)'!$F$4 -> 15 | E20: Khiêm
D21: =SUM(D5:D20) -> 268

Sheet Báo cáo kiểm tra
A1: Báo cáo thử nghiệm
A3: Tên dự án | B3: Website bán thời trang | E3: Creator | H3: Phạm Nguyễn Đình huy
E4: Người đánh giá/phê duyệt | H4: Cả nhóm
E5: Ngày triển khai | H5: 44114
A6: Ghi chú | B6: Tính năng đang chờ xử lý :
C7: Hoàn thành | E7: Lỗi | G7: Chưa Kiểm tra | I7: Bị chặn | K7: Số trường hợp thử nghiệm | M7: % Thành công | O7: % Coverage
A9: STT | B9: Tên hiển thị | C9: Vòng 1 | D9: Vòng 2 | E9: Vòng 1 | F9: Vòng 2 | G9: Vòng 1 | H9: Vòng 2 | I9: Vòng 1 | J9: Vòng 2 | K9: Vòng 1 | L9: Vòng 2 | M9: Vòng 1 | N9: Vòng 2 | O9: Vòng 1 | P9: Vòng 2
A10: 1 | B10: Đăng nhập | C10: 15 | D10: 15 | E10: 0 | F10: ='[1]Show Bus Routes List'!C6 -> 0 | G10: ='[1]Show Bus Routes List'!D5 -> 0 | H10: ='[1]Show Bus Routes List'!D6 -> 0 | I10: ='[1]Show Bus Routes List'!E5 -> 0 | J10: ='[1]Show Bus Routes List'!E6 -> 0 | K10: 15 | L10: 15 | M10: =ROUND(C10*100/K10,1) -> 100 | N10: =ROUND(D10*100/L10,1) -> 100 | O10: =ROUND((C10+E10)*100/K10,1) -> 100 | P10: =ROUND((D10+F10)*100/L10,1) -> 100
A11: 2 | B11: Quản lý sản phẩm
A12: 3 | B12: Quản lý danh mục | C12: 12 | D12: 12 | E12: 0 | F12: ='[1]Show Bus Stops List'!C6 -> 0 | G12: ='[1]Show Bus Stops List'!D5 -> 0 | H12: ='[1]Show Bus Stops List'!D6 -> 0 | I12: ='[1]Show Bus Stops List'!E5 -> 0 | J12: ='[1]Show Bus Stops List'!E6 -> 0 | K12: 12 | L12: 12 | M12: =ROUND(C12*100/K12,1) -> 100 | N12: =ROUND(D12*100/L12,1) -> 100 | O12: =ROUND((C12+E12)*100/K12,1) -> 100 | P12: =ROUND((D12+F12)*100/L12,1) -> 100
A13: 4 | B13: Quản lý nhãn hiệu
A14: 5 | B14: Quản lý mã khuyến mãi | C14: 8 | D14: 8 | E14: =#REF! -> #REF! | F14: =#REF! -> #REF! | G14: =#REF! -> #REF! | H14: =#REF! -> #REF! | I14: =#REF! -> #REF! | J14: =#REF! -> #REF! | K14: 4 | L14: 4 | M14: =ROUND(C14*100/K14,1) -> 200 | N14: =ROUND(D14*100/L14,1) -> 200 | O14: =ROUND((C14+E14)*100/K14,1) -> #REF! | P14: =ROUND((D14+F14)*100/L14,1) -> #REF!
A15: 6 | B15: Quản lý hóa đơn
A16: 7 | B16: Quản lý tài khoản người dùng | C16: 15 | D16: 15 | E16: 0 | F16: 0 | G16: 0 | H16: 0 | I16: 0 | J16: 0 | K16: 15 | L16: 15 | M16: =ROUND(C16*100/K16,1) -> 100 | N16: 100 | O16: 100 | P16: 100
A17: 8 | B17: Quản lý bài viết | C17: 20 | D17: 20 | E17: =#REF! -> #REF! | F17: =#REF! -> #REF! | G17: =#REF! -> #REF! | H17: =#REF! -> #REF! | I17: =#REF! -> #REF! | J17: =#REF! -> #REF! | K17: 20 | L17: 20 | M17: =ROUND(C17*100/K17,1) -> 100 | N17: =ROUND(D17*100/L17,1) -> 100 | O17: =ROUND((C17+E17)*100/K17,1) -> #REF! | P17: =ROUND((D17+F17)*100/L17,1) -> #REF!
A18: 9 | B18: Quản lý bình luận | C18: 27 | D18: 27 | E18: =#REF! -> #REF! | F18: 0 | G18: =#REF! -> #REF! | H18: =#REF! -> #REF! | I18: =#REF! -> #REF! | J18: 0 | K18: 27 | L18: 27 | M18: =ROUND(C18*100/K18,1) -> 100 | N18: =ROUND(D18*100/L18,1) -> 100 | O18: =ROUND((C18+E18)*100/K18,1) -> #REF! | P18: =ROUND((D18+F18)*100/L18,1) -> 100
A19: 10 | B19: Tìm kiếm | C19: 17 | D19: 17 | E19: 0 | F19: =#REF! -> #REF! | G19: 0 | H19: 0 | I19: 0 | J19: =#REF! -> #REF! | K19: 17 | L19: 17 | M19: =ROUND(C19*100/K19,1) -> 100 | N19: =ROUND(D19*100/L19,1) -> 100 | O19: =ROUND((C19+E19)*100/K19,1) -> 100 | P19: =ROUND((D19+F19)*100/L19,1) -> #REF!
A20: 11 | B20: Quản lý thống kê | C20: 18 | D20: 18 | E20: =#REF! -> #REF! | F20: 0 | G20: =#REF! -> #REF! | H20: =#REF! -> #REF! | I20: =#REF! -> #REF! | J20: 0 | K20: 18 | L20: 18 | M20: =ROUND(C20*100/K20,1) -> 100 | N20: =ROUND(D20*100/L20,1) -> 100 | O20: =ROUND((C20+E20)*100/K20,1) -> #REF! | P20: =ROUND((D20+F20)*100/L20,1) -> 100
B21: Sub total | C21: =SUM(C10:C20) -> 132 | D21: =SUM(D10:D20) -> 132 | E21: =SUM(E10:E20) -> #REF! | F21: =SUM(F10:F20) -> #REF! | G21: =SUM(G10:G20) -> #REF! | H21: =SUM(H10:H20) -> #REF! | I21: =SUM(I10:I20) -> #REF! | J21: =SUM(J10:J20) -> #REF! | ... P21: =SUM(P10:P20) -> #REF!
C22: Vòng 1 | D22: Vòng2
B23: Kiểm tra phủ sóng | C23: =ROUND((C21+E21)*100/K21,1) -> #REF! | D23: =ROUND((D21+F21)*100/L21,1) -> #REF! | E23: %
B24: Kiểm tra thành công phủ sống | C24: =ROUND(C21*100/K21,1) -> 103.1 | D24: =ROUND(D21*100/L21,1) -> 103.1 | E24: %

Sheet Đăng nhập (Nhân viên & Khách)
A1: Project Name | B1: XÂY DỰNG HỆ THỐNG QUẢN LÝ NHÀ HÀNG THEO MÔ HÌNH TƯƠNG TÁC SỐ ĐA KÊNH
A2: Module Code | B2: Đăng nhập (Nhân viên & Khách)
B3: Hoàn thành | C3: Lỗi | D3: Chưa kiểm tra | E3: Bị chặn | F3: Tổng số trường hợp thử nghiệm
A4: Round 1 | B4: =COUNTIF(G12:G88,"Passed") -> 17 | C4: =COUNTIF(G12:G88,"Failed") -> 0 | D4: =COUNTIF(G12:G29,"Untested") -> 0 | E4: =COUNTIF(G12:G29,"Blocked") -> 0 | F4: =SUM(B4:C4) -> 17
A5: Round 2 | B5: =COUNTIF(J12:J88,"Passed") -> 17 | C5: =COUNTIF(J12:J88,"Failed") -> 0 | D5: =COUNTIF(J12:J29,"Untested") -> 0 | E5: =COUNTIF(J12:J29,"Blocked") -> 0 | F5: =SUM(B5:C5) -> 17
A8: Test Case ID | B8: Mô tả | C8: Hành động | D8: Điều kiện tiên quyết | E8: Kết quả mong đợi | F8: Kết quả thực tế | G8: Kết quả | J8: Kết quả | M8: Chú thích
G9: Vòng 1 | J9: Vòng 2
G10: Trạng thái | H10: Ngày kiểm tra | I10: Người kiểm tra | J10: Trạng thái | K10: Ngày kiểm tra | L10: Người kiểm tra
A11: GUI_SHOW - Trang đăng nhập
A12: GUI-DN01 | B12: [Label/Tiêu đề] Hàng chữ "Đăng nhập EatEase" | C12: Đứng tại trang Đăng nhập, quan sát tiêu đề | D12: Truy cập vào hệ thống (/login) | E12: Hiển thị rõ, đúng font chữ, màu sắc hài hòa | F12: Hiển thị rõ, đúng font chữ, màu sắc hài hòa | G12: Passed | H12: 46121 | I12: Ngọc | J12: Passed | K12: 46124 | L12: Ngọc
A13: GUI-DN02 | B13: [Email] Textbox | C13: Quan sát ô nhập Email | D13: Truy cập vào hệ thống | E13: Text color: Đen (hoặc trắng nếu dark mode) Status: enable | F13: Text color: Đen (hoặc trắng nếu dark mode) Status: enable | G13: Passed | H13: 46121 | I13: Ngọc | J13: Passed | K13: 46124 | L13: Ngọc
A14: GUI-DN03 | B14: [Mật khẩu] Textbox | C14: Quan sát ô nhập Mật khẩu | D14: Mật khẩu Truy cập vào hệ thống | E14: Text color: Đen/trắng Trạng thái nhập bị ẩn đi (ký tự *) Status: enable | F14: Text color: Đen/trắng Trạng thái nhập bị ẩn đi (ký tự *) Status: enable | G14: Passed | H14: 46121 | I14: Ngọc | J14: Passed | K14: 46124 | L14: Ngọc
A15: GUI-DN04 | B15: [Icon Con Mắt] Password Toggle | C15: Nhấp vào icon con mắt ở ô mật khẩu | D15: Đã nhập ký tự vào ô mật khẩu | E15: Ký tự mật khẩu hiện lên dạng văn bản thường. Nhấp lần nữa bị ẩn đi. | F15: Ký tự mật khẩu hiện lên dạng văn bản thường. Nhấp lần nữa bị ẩn đi. | G15: Passed | H15: 46121 | I15: Ngọc | J15: Passed | K15: 46124 | L15: Ngọc
A16: GUI-DN05 | B16: [Quên mật khẩu] Link | C16: Quan sát link "Quên mật khẩu" | D16: Truy cập vào hệ thống | E16: Text color: nổi bật, đổi màu khi hover Status: enable | F16: Text color: nổi bật, đổi màu khi hover Status: enable | G16: Passed | H16: 46121 | I16: Ngọc | J16: Passed | K16: 46124 | L16: Ngọc
A17: GUI-DN06 | B17: Đăng nhập] Button | C17: Quan sát nút Đăng nhập chính | D17: Truy cập vào hệ thống | E17: Status: enable | F17: Status: enable | G17: Passed | H17: 46121 | I17: Ngọc | J17: Passed | K17: 46124 | L17: Ngọc
A18: GUI-DN07 | B18: [Google/Facebook] Buttons | C18: Quan sát nút Đăng nhập mạng xã hội | D18: Truy cập vào hệ thống | E18: Nút hiển thị đúng icon Google (Đỏ) và Facebook (Xanh) Status: enable | F18: Nút hiển thị đúng icon Google (Đỏ) và Facebook (Xanh) Status: enable | G18: Passed | H18: 46121 | I18: Ngọc | J18: Passed | K18: 46124 | L18: Ngọc
A19: FUNCTION_SHOW - Trang đăng nhập
A20: FUNC-DN01 | B20: Đăng nhập thành công với tài khoản có sẵn | C20: 1. Nhập email và password đúng 2. Click button Đăng nhập | D20: Trình duyệt ở trang /login. Tài khoản đã có trong DB. | E20: Chuyển hướng thành công sang trang chủ (/) hoặc bảng điều khiển. Trạng thái Loading hiển thị lúc chờ. | F20: Chuyển hướng thành công sang trang chủ (/) hoặc bảng điều khiển. Trạng thái Loading hiển thị lúc chờ. | G20: Passed | H20: 46121 | I20: Ngọc | J20: Passed | K20: 46124 | L20: Ngọc
A21: FUNC-DN02 | B21: Đăng nhập thất bại sai Password | C21: 1. Nhập email đúng, password sai 2. Click Đăng nhập | D21: Truy cập vào hệ thống | E21: Hệ thống thông báo lỗi: "Mật khẩu không chính xác!" | F21: Hệ thống thông báo lỗi: "Mật khẩu không chính xác!" | G21: Passed | H21: 46121 | I21: Ngọc | J21: Passed | K21: 46124 | L21: Ngọc
A22: FUNC-DN03 | B22: Đăng nhập thất bại sai Email | C22: 1. Nhập email chưa từng đăng ký và password 2. Click Đăng nhập | D22: Truy cập vào hệ thống | E22: Hệ thống thông báo lỗi: "Email không tồn tại, vui lòng đăng ký" | F22: Hệ thống thông báo lỗi: "Email không tồn tại, vui lòng đăng ký" | G22: Passed | H22: 46121 | I22: Ngọc | J22: Passed | K22: 46124 | L22: Ngọc
A23: FUNC-DN04 | B23: Để trống trường Mật khẩu | C23: 1. Nhập email 2. Không nhập mật khẩu 3. Click Đăng nhập | D23: Truy cập vào hệ thống | E23: Hệ thống chặn gọi API, hiện thông báo: "Vui lòng nhập đầy đủ thông tin" | F23: Hệ thống chặn gọi API, hiện thông báo: "Vui lòng nhập đầy đủ thông tin" | G23: Passed | H23: 46121 | I23: Ngọc | J23: Passed | K23: 46124 | L23: Ngọc
A24: FUNC-DN05 | B24: Để trống trường Email | C24: 1. Để ô Email trống 2. Nhập mật khẩu 3. Click Đăng nhập | D24: Truy cập vào hệ thống | E24: Hệ thống hiện thông báo: "Vui lòng nhập đầy đủ thông tin" | F24: Hệ thống hiện thông báo: "Vui lòng nhập đầy đủ thông tin" | G24: Passed | H24: 46121 | I24: Ngọc | J24: Passed | K24: 46124 | L24: Ngọc
A25: FUNC-DN06 | B25: Validation sai định dạng Email | C25: 1. Nhập vào ô email cụm: abcxyz 2. Nhập password 3. Click Đăng nhập | D25: Truy cập vào hệ thống | E25: Hệ thống hiện lỗi validation: "Vui lòng nhập địa chỉ email hợp lệ" (do không có @) | F25: Hệ thống hiện lỗi validation: "Vui lòng nhập địa chỉ email hợp lệ" (do không có @) | G25: Passed | H25: 46121 | I25: Ngọc | J25: Passed | K25: 46124 | L25: Ngọc
A26: FUNC-DN07 | B26: Chuyển sang Quên Mật Khẩu | C26: 1. Click vào chữ "Bạn quên mật khẩu?" | D26: Truy cập vào hệ thống | E26: Hệ thống chuyển hướng sang trang /forgot-password thành công. | F26: 1. Nhập vào ô email cụm: abcxyz 2. Nhập password 3. Click Đăng nhập | G26: Passed | H26: 46121 | I26: Ngọc | J26: Passed | K26: 46124 | L26: Ngọc
A27: FUNC-DN08 | B27: Đăng nhập bằng Google thành công | C27: 1. Click nút "Google" 2. Chọn tài khoản Gmail trên popup | D27: Truy cập vào hệ thống | E27: Cửa sổ popup xử lý xong, hệ thống thông báo "Đăng nhập Google thành công" và vào trang chủ. | F27: Cửa sổ popup xử lý xong, hệ thống thông báo "Đăng nhập Google thành công" và vào trang chủ. | G27: Passed | H27: 46121 | I27: Ngọc | J27: Passed | K27: 46124 | L27: Ngọc
A28: FUNC-DN09 | B28: Đăng nhập bằng Facebook thành công | C28: 1. Click nút "Facebook" 2. Đồng ý quyền ứng dụng từ Facebook | D28: App ID đã thiết lập | E28: Cửa sổ popup Facebook nhận diện, thông báo "Đăng nhập Facebook thành công" và vào trang chủ. | F28: Cửa sổ popup Facebook nhận diện, thông báo "Đăng nhập Facebook thành công" và vào trang chủ. | G28: Passed | H28: 46121 | I28: Ngọc | J28: Passed | K28: 46124 | L28: Ngọc
A29: FUNC-DN10 | B29: Cancel bỏ qua đăng nhập Mạng xã hội | C29: 1. Click nút Google/Facebook 2. Tắt popup không chọn gì | D29: Truy cập vào hệ thống | E29: Hệ thống không lỗi, về lại trạng thái chờ ở giao diện Login bình thường. | F29: Hệ thống không lỗi, về lại trạng thái chờ ở giao diện Login bình thường. | G29: Passed | H29: 46121 | I29: Ngọc | J29: Passed | K29: 46124 | L29: Ngọc

Sheet Đăng ký tài khoản khách hàng
A1: Project Name | B1: XÂY DỰNG HỆ THỐNG QUẢN LÝ NHÀ HÀNG THEO MÔ HÌNH TƯƠNG TÁC SỐ ĐA KÊNH
A2: Module Code | B2: Đăng ký tài khoản khách hàng
B3: Hoàn thành | C3: Lỗi | D3: Chưa kiểm tra | E3: Bị chặn | F3: Tổng số trường hợp thử nghiệm
A4: Round 1 | B4: =COUNTIF(G12:G88,"Passed") -> 17 | C4: =COUNTIF(G12:G88,"Failed") -> 0 | D4: =COUNTIF(G12:G29,"Untested") -> 0 | E4: =COUNTIF(G12:G29,"Blocked") -> 0 | F4: =SUM(B4:C4) -> 17
A5: Round 2 | B5: =COUNTIF(J12:J88,"Passed") -> 17 | C5: =COUNTIF(J12:J88,"Failed") -> 0 | D5: =COUNTIF(J12:J29,"Untested") -> 0 | E5: =COUNTIF(J12:J29,"Blocked") -> 0 | F5: =SUM(B5:C5) -> 17
A8: Test Case ID | B8: Mô tả | C8: Hành động | D8: Điều kiện tiên quyết | E8: Kết quả mong đợi | F8: Kết quả thực tế | G8: Kết quả | J8: Kết quả | M8: Chú thích
G9: Vòng 1 | J9: Vòng 2
G10: Trạng thái | H10: Ngày kiểm tra | I10: Người kiểm tra | J10: Trạng thái | K10: Ngày kiểm tra | L10: Người kiểm tra
A11: GUI_SHOW - Đăng ký
A12: GUI-DK01 | B12: [Label/Tiêu đề] Hàng chữ "Tạo Tài Khoản" | C12: Đứng tại màn hình Đăng ký, quan sát tiêu đề | D12: Truy cập vào hệ thống (/register) | E12: Hiển thị rõ, font chữ đậm, canh giữa | F12: Hiển thị rõ, font chữ đậm, canh giữa | G12: Passed | H12: 46121 | I12: Ngọc | J12: Passed | K12: 46124 | L12: Ngọc
A13: GUI-DK02 | B13: [Tên người dùng] Textbox | C13: Quan sát ô nhập Tên người dùng | D13: Truy cập vào hệ thống | E13: Text color: Đen (trắng nếu dark mode). Placeholder: "Nhập tên của bạn" Status: enable | F13: Text color: Đen (trắng nếu dark mode). Placeholder: "Nhập tên của bạn" Status: enable | G13: Passed | H13: 46121 | I13: Ngọc | J13: Passed | K13: 46124 | L13: Ngọc
A14: GUI-DK03 | B14: [Email] Textbox | C14: Quan sát ô nhập Email | D14: Truy cập vào hệ thống | E14: Placeholder: " m@example.com " Status: enable | F14: Placeholder: " m@example.com " Status: enable | G14: Passed | H14: 46121 | I14: Ngọc | J14: Passed | K14: 46124 | L14: Ngọc
A15: GUI-DK04 | B15: [Số điện thoại] Textbox | C15: Quan sát ô nhập Số điện thoại | D15: Truy cập vào hệ thống | E15: Placeholder: "Nhập số điện thoại của bạn" Status: enable | F15: Placeholder: "Nhập số điện thoại của bạn" Status: enable | G15: Passed | H15: 46121 | I15: Ngọc | J15: Passed | K15: 46124 | L15: Ngọc
A16: GUI-DK05 | B16: [Mật khẩu & Xác nhận] Textboxes | C16: Quan sát 2 ô nhập Mật khẩu | D16: Truy cập vào hệ thống | E16: Text ẩn đi dạng *. Cả 2 ô đều có icon con mắt bên cạnh phải. Status: enable | F16: Text ẩn đi dạng *. Cả 2 ô đều có icon con mắt bên cạnh phải. Status: enable | G16: Passed | H16: 46121 | I16: Ngọc | J16: Passed | K16: 46124 | L16: Ngọc
A17: GUI-DK06 | B17: [Icon Con Mắt] Toggle | C17: Nhấp vào icon con mắt ở các ô mật khẩu | D17: Đã nhập ký tự vào ô | E17: Text mật khẩu hiện lên, icon chuyển sang EyeOff. Nhấp lại thì ẩn đi. | F17: Text mật khẩu hiện lên, icon chuyển sang EyeOff. Nhấp lại thì ẩn đi. | G17: Passed | H17: 46121 | I17: Ngọc | J17: Passed | K17: 46124 | L17: Ngọc
A18: GUI-DK07 | B18: [Đăng ký] Button | C18: Quan sát nút hành động chính | D18: Truy cập vào hệ thống | E18: Nút bự hiển thị chữ "Đăng ký" Status: enable | F18: Nút bự hiển thị chữ "Đăng ký" Status: enable | G18: Passed | H18: 46121 | I18: Ngọc | J18: Passed | K18: 46124 | L18: Ngọc
A19: FUNCTION_SHOW - Đăng ký
A20: FUNC-DK01 | B20: Đăng ký tài khoản thành công | C20: 1. Nhập Tên, Email, SĐT, Mật khẩu, Xác nhận (đúng chuẩn) 2. Click button "Đăng ký" | D20: Email chưa từng được đăng ký trong CSDL. | E20: Hệ thống thông báo thành công, chuyển hướng người dùng sang trang /registration-success | F20: Hệ thống thông báo thanh công, chuyển hướng người dùng sang trang /registration-success | G20: Passed | H20: 46121 | I20: Ngọc | J20: Passed | K20: 46124 | L20: Ngọc
A21: FUNC-DK02 | B21: Đăng ký thất bại do trùng Email | C21: 1. Nhập thông tin đầy đủ, sử dụng Email đã có trong hệ thống 2. Click Đăng ký | D21: Email đã được lưu ở CSDL | E21: Hệ thống chặn đăng ký, trả về lỗi "Email đã tồn tại" | F21: Hệ thống chặn đăng ký, trả về lỗi "Email đã tồn tại" | G21: Passed | H21: 46121 | I21: Ngọc | J21: Passed | K21: 46124 | L21: Ngọc
A22: FUNC-DK03 | B22: Để trống 1 trường dữ liệu | C22: 1. Điền 4 trường 2. Bỏ trống 1 trường (VD: Email hoặc SĐT) 3. Click Đăng ký | D22: Truy cập vào hệ thống | E22: Hệ thống hiện thông báo: "Vui lòng nhập đầy đủ thông tin." | F22: Hệ thống hiện thông báo: "Vui lòng nhập đầy đủ thông tin." | G22: Passed | H22: 46121 | I22: Ngọc | J22: Passed | K22: 46124 | L22: Ngọc
A23: FUNC-DK04 | B23: Email sai định dạng | C23: 1. Nhập email: testabc 2. Nhập các trường còn lại đúng 3. Click Đăng ký | D23: Truy cập vào hệ thống | E23: Hệ thống chặn và báo: "Vui lòng nhập địa chỉ email hợp lệ" | F23: Hệ thống chặn và báo: "Vui lòng nhập địa chỉ email hợp lệ" | G23: Passed | H23: 46121 | I23: Ngọc | J23: Passed | K23: 46124 | L23: Ngọc
A24: FUNC-DK05 | B24: Số điện thoại sai định dạng | C24: 1. Nhập SĐT không bắt đầu bằng số 0 hoặc thiếu số 2. Nhập các trường khác đúng 3. Click Đăng ký | D24: Truy cập vào hệ thống | E24: Hệ thống chặn và báo lỗi: "Số điện thoại không hợp lệ" | F24: Hệ thống chặn và báo lỗi: "Số điện thoại không hợp lệ" | G24: Passed | H24: 46121 | I24: Ngọc | J24: Passed | K24: 46124 | L24: Ngọc
A25: FUNC-DK06 | B25: Mật khẩu chung quá ngắn | C25: 1. Nhập mật khẩu < 6 ký tự (12345) 2. Click Đăng ký | D25: Truy cập vào hệ thống | E25: cập vào hệ thống Hệ thống chặn đăng ký, báo lỗi: "Mật khẩu phải có ít nhất 6 ký tự" | F25: cập vào hệ thống Hệ thống chặn đăng ký, báo lỗi: "Mật khẩu phải có ít nhất 6 ký tự" | G25: Passed | H25: 46121 | I25: Ngọc | J25: Passed | K25: 46124 | L25: Ngọc
A26: FUNC-DK07 | B26: Xác nhận mật khẩu không khớp | C26: 1. Nhập MK: 123456 2. Nhập Xác nhận MK: 123123 3. Click Đăng ký | D26: Truy cập vào hệ thống | E26: Hệ thống chặn và báo lỗi: "Mật khẩu và mật khẩu xác nhận phải giống nhau" | F26: Hệ thống chặn và báo lỗi: "Mật khẩu và mật khẩu xác nhận phải giống nhau" | G26: Passed | H26: 46121 | I26: Ngọc | J26: Passed | K26: 46124 | L26: Ngọc
A27: FUNC-DK08 | B27: Chuyển sang Đăng nhập | C27: 1. Click vào đường link "Đăng nhập" ở cuối form | D27: Truy cập vào hệ thống | E27: Form Đăng ký biến mất, truy cập thành công vào màn hình /login | F27: Form Đăng ký biến mất, truy cập thành công vào màn hình /login | G27: Passed | H27: 46121 | I27: Ngọc | J27: Passed | K27: 46124 | L27: Ngọc
A28: FUNC-DK09 | B28: Đăng ký nhanh bằng Google | C28: 1. Click button "Google" 2. Cấp quyền đăng nhập | D28: Truy cập vào hệ thống | E28: Pop-up xử lý thành công, tài khoản mới được tự động tạo, tự login và chuyển hướng vào Trang chủ. | F28: Pop-up xử lý thành công, tài khoản mới được tự động tạo, tự login và chuyển hướng vào Trang chủ. | G28: Passed | H28: 46121 | I28: Ngọc | J28: Passed | K28: 46124 | L28: Ngọc
A29: FUNC-DK10 | B29: Đăng ký nhanh bằng Facebook | C29: 1. Click button "Facebook" 2. Cấp quyền cho app | D29: Truy cập vào hệ thống | E29: Pop-up xử lý thành công, tài khoản tự động khởi tạo, báo "Đăng ký và đăng nhập Facebook thành công". | F29: Pop-up xử lý thành công, tài khoản tự động khởi tạo, báo "Đăng ký và đăng nhập Facebook thành công". | G29: Passed | H29: 46121 | I29: Ngọc | J29: Passed | K29: 46124 | L29: Ngọc

Sheet Quản lý danh mục món ăn
A1: Project Name | B1: XÂY DỰNG HỆ THỐNG QUẢN LÝ NHÀ HÀNG THEO MÔ HÌNH TƯƠNG TÁC SỐ ĐA KÊNH
A2: Module Code | B2: Quản lý danh mục món ăn
B3: Hoàn thành | C3: Lỗi | D3: Chưa kiểm tra | E3: Bị chặn | F3: Tổng số trường hợp thử nghiệm
A4: Round 1 | B4: =COUNTIF(G20:G82,"Passed") -> 22 | C4: =COUNTIF(G20:G82,"Failed") -> 0 | D4: =COUNTIF(G20:G29,"Untested") -> 0 | E4: =COUNTIF(G20:G29,"Blocked") -> 0 | F4: =SUM(B4:C4) -> 22
A5: Round 2 | B5: =COUNTIF(J20:J82,"Passed") -> 22 | C5: =COUNTIF(J20:J82,"Failed") -> 0 | D5: =COUNTIF(J20:J29,"Untested") -> 0 | E5: =COUNTIF(J20:J29,"Blocked") -> 0 | F5: =SUM(B5:C5) -> 22
A8: Test Case ID | B8: Mô tả | C8: Hành động | D8: Điều kiện tiên quyết | E8: Kết quả mong đợi | F8: Kết quả thực tế | G8: Kết quả | J8: Kết quả | M8: Chú thích
G9: Vòng 1 | J9: Vòng 2
G10: Trạng thái | H10: Ngày kiểm tra | I10: Người kiểm tra | J10: Trạng thái | K10: Ngày kiểm tra | L10: Người kiểm tra
A11: GUI_SHOW - Giao diện trang Quản lý danh mục
A12: GUI-CAT01 | B12: Hiển thị danh sách danh mục món ăn | C12: 1. Admin đăng nhập vào hệ thống 2. Admin truy cập menu "Quản lý danh mục món ăn" 3. Hệ thống tải và hiển thị danh sách danh mục | D12: Admin đã đăng nhập vào hệ thống với quyền quản lý danh mục Hệ thống có ít nhất 1 danh mục món ăn trong cơ sở dữ liệu | E12: 1. Hiển thị danh sách đầy đủ các danh mục món ăn chưa bị xóa 2. Mỗi danh mục hiển thị: tên danh mục, hình ảnh, mô tả (nếu có), ngày tạo 3. Hiển thị các nút chức năng: "Thêm danh mục", "Sửa", "Xóa" cho mỗi danh mục | F12: 1. Hiển thị danh sách đầy đủ các danh mục món ăn chưa bị xóa 2. Mỗi danh mục hiển thị: tên danh mục, hình ảnh, mô tả (nếu có), ngày tạo 3. Hiển thị các nút chức năng: "Thêm danh mục", "Sửa", "Xóa" cho mỗi danh mục | G12: Passed | H12: 46121 | I12: Hiếu | J12: Passed | K12: 46124 | L12: Hiếu
A13: GUI-CAT02 | B13: Hiển thị hình ảnh danh mục | C13: 1. Admin truy cập trang quản lý danh mục món ăn 2. Quan sát hình ảnh của các danh mục trong danh sách | D13: Admin đã đăng nhập vào hệ thống | E13: 1. Hình ảnh danh mục hiển thị đúng, rõ nét 2. Hình ảnh có kích thước phù hợp, không bị méo hoặc vỡ | F13: 1. Hình ảnh danh mục hiển thị đúng, rõ nét 2. Hình ảnh có kích thước phù hợp, không bị méo hoặc vỡ | G13: Passed | H13: 46121 | I13: Hiếu | J13: Passed | K13: 46124 | L13: Hiếu
A14: GUI-CAT03 | B14: Hiển thị các nút chức năng | C14: 1. Admin truy cập trang quản lý danh mục món ăn 2. Quan sát các nút chức năng trên giao diện | D14: Admin đã đăng nhập vào hệ thống với quyền quản lý danh mục Hệ thống có ít nhất 1 danh mục món ăn trong cơ sở dữ liệu | E14: 1. Hiển thị nút "Thêm danh mục mới" ở vị trí dễ nhìn (góc trên bên phải hoặc trên cùng) 2. Mỗi danh mục có nút "Sửa" và "Xóa" với icon rõ ràng | F14: 1. Hiển thị nút "Thêm danh mục mới" ở vị trí dễ nhìn (góc trên bên phải hoặc trên cùng) 2. Mỗi danh mục có nút "Sửa" và "Xóa" với icon rõ ràng | G14: Passed | H14: 46121 | I14: Hiếu | J14: Passed | K14: 46124 | L14: Hiếu
A15: GUI-CAT04 | B15: Hiển thị trạng thái không có dữ liệu | C15: 1. Admin đăng nhập vào hệ thống 2. Admin truy cập trang quản lý danh mục món ăn khi chưa có danh mục nào | D15: Admin đã đăng nhập vào hệ thống Hệ thống chưa có danh mục món ăn nào (hoặc tất cả đã bị xóa) | E15: Hiển thị thông báo empty state: "Chưa có danh mục món ăn nào" | F15: Hiển thị thông báo empty state: "Chưa có danh mục món ăn nào" | G15: Passed | H15: 46121 | I15: Hiếu | J15: Passed | K15: 46124 | L15: Hiếu
A16: GUI-CAT05 | B16: Hiển thị form thêm danh mục | C16: 1. Admin truy cập trang quản lý danh mục món ăn 2. Admin nhấn nút "Thêm danh mục mới" 3. Quan sát form thêm danh mục | D16: Admin đã đăng nhập vào hệ thống | E16: 1. Hiển thị modal hoặc form thêm danh mục với các trường 2. Hiển thị nút "Lưu" và "Hủy" 3. Các trường bắt buộc có dấu * màu đỏ | F16: 1. Hiển thị modal hoặc form thêm danh mục với các trường 2. Hiển thị nút "Lưu" và "Hủy" 3. Các trường bắt buộc có dấu * màu đỏ | G16: Passed | H16: 46121 | I16: Hiếu | J16: Passed | K16: 46124 | L16: Hiếu
A17: GUI-CAT06 | B17: Hiển thị form sửa danh mục | C17: 1. Admin truy cập trang quản lý danh mục món ăn 2. Admin nhấn nút "Sửa" trên một danh mục 3. Quan sát form sửa danh mục | D17: Admin đã đăng nhập vào hệ thống Có ít nhất 1 danh mục trong hệ thống | E17: 1. Hiển thị modal hoặc form sửa danh mục 2. Các trường được điền sẵn thông tin hiện tại của danh mục 3. Hiển thị preview hình ảnh hiện tại 4. Có thể thay đổi hình ảnh bằng cách upload ảnh mới 5. Hiển thị nút "Lưu thay đổi" và "Hủy" | F17: 1. Hiển thị modal hoặc form sửa danh mục 2. Các trường được điền sẵn thông tin hiện tại của danh mục 3. Hiển thị preview hình ảnh hiện tại 4. Có thể thay đổi hình ảnh bằng cách upload ảnh mới 5. Hiển thị nút "Lưu thay đổi" và "Hủy" | G17: Passed | H17: 46121 | I17: Hiếu | J17: Passed | K17: 46124 | L17: Hiếu
A18: GUI-CAT07 | B18: Hiển thị dialog xác nhận xóa | C18: 1. Admin truy cập trang quản lý danh mục món ăn 2. Admin nhấn nút "Xóa" trên một danh mục 3. Quan sát dialog xác nhận | D18: Admin đã đăng nhập vào hệ thống Có ít nhất 1 danh mục trong hệ thống | E18: 1. Hiển thị dialog xác nhận 2. Hiển thị tên danh mục sẽ bị xóa 3. Dialog có thể đóng bằng cách nhấn nút Hủy hoặc click ra ngoài | F18: 1. Hiển thị dialog xác nhận 2. Hiển thị tên danh mục sẽ bị xóa 3. Dialog có thể đóng bằng cách nhấn nút Hủy hoặc click ra ngoài | G18: Passed | H18: 46121 | I18: Hiếu | J18: Passed | K18: 46124 | L18: Hiếu
A19: GUI-CAT08 | B19: Tab "Danh mục đã xóa" | C19: 1. Admin truy cập trang quản lý danh mục món ăn 2. Admin nhấn vào tab "Danh mục đã xóa" 3. Quan sát danh sách danh mục đã xóa | D19: Admin đã đăng nhập vào hệ thống Có ít nhất 1 danh mục đã bị xóa (soft delete) | E19: 1. Hiển thị tab "Danh mục đã xóa" rõ ràng 2. Danh sách hiển thị các danh mục đã bị xóa với thông tin: tên, hình ảnh, ngày xóa 3. Mỗi danh mục có 2 nút: "Khôi phục" và "Xóa vĩnh viễn" | F19: 1. Hiển thị tab "Danh mục đã xóa" rõ ràng 2. Danh sách hiển thị các danh mục đã bị xóa với thông tin: tên, hình ảnh, ngày xóa 3. Mỗi danh mục có 2 nút: "Khôi phục" và "Xóa vĩnh viễn" | G19: Passed | H19: 46121 | I19: Hiếu | J19: Passed | K19: 46124 | L19: Hiếu
A20: FUNCTION_SHOW - Chức năng Thêm danh mục
A21: FUNC-CAT01 | B21: Thêm danh mục hợp lệ | C21: 1. Admin đăng nhập vào hệ thống 2. Admin truy cập trang quản lý danh mục món ăn 3. Admin nhập đầy đủ các thông tin | D21: Admin đã đăng nhập vào hệ thống với quyền quản lý danh mục Tên danh mục chưa tồn tại trong hệ thống | E21: 1. Hệ thống hiển thị thông báo: "Thêm danh mục thành công" 2. Danh mục mới xuất hiện trong danh sách ở vị trí đầu tiên | F21: 1. Hệ thống hiển thị thông báo: "Thêm danh mục thành công" 2. Danh mục mới xuất hiện trong danh sách ở vị trí đầu tiên | G21: Passed | H21: 46121 | I21: Hiếu | J21: Passed | K21: 46124 | L21: Hiếu
A22: FUNC-CAT02 | B22: Thêm danh mục - Bỏ trống tên | C22: 1. Admin đăng nhập vào hệ thống 2. Admin truy cập trang quản lý danh mục món ăn 3. Admin nhấn nút "Thêm danh mục mới" 4. Admin để trống trường "Tên danh mục" | D22: Admin đã đăng nhập vào hệ thống | E22: 1. Hệ thống hiển thị thông báo lỗi: "Vui lòng điền đầy đủ các trường bắt buộc" 2. Trường "Tên danh mục" được highlight màu đỏ | F22: 1. Hệ thống hiển thị thông báo lỗi: "Vui lòng điền đầy đủ các trường bắt buộc" 2. Trường "Tên danh mục" được highlight màu đỏ 3. Form không đóng, dữ liệu không được lưu | G22: Passed | H22: 46121 | I22: Hiếu | J22: Passed | K22: 46124 | L22: Hiếu
A23: FUNC-CAT03 | B23: Thêm danh mục - Tên quá dài (>100 ký tự) | C23: 1. Admin đăng nhập vào hệ thống 2. Admin truy cập trang quản lý danh mục món ăn 3. Admin nhấn nút "Thêm danh mục mới" 4. Admin nhập tên danh mục dài 101 ký tự | D23: Admin đã đăng nhập vào hệ thống | E23: 1. Hệ thống hiển thị thông báo lỗi: "Tên danh mục không vượt quá 100 ký tự" 2. Trường "Tên danh mục" được highlight màu đỏ | F23: 1. Hệ thống hiển thị thông báo lỗi: "Tên danh mục không vượt quá 100 ký tự" 2. Trường "Tên danh mục" được highlight màu đỏ | G23: Passed | H23: 46121 | I23: Hiếu | J23: Passed | K23: 46124 | L23: Hiếu
A24: FUNC-CAT04 | B24: Thêm danh mục - Tên trùng lặp | C24: 1. Admin đăng nhập vào hệ thống 2. Admin truy cập trang quản lý danh mục món ăn 3. Admin nhấn nút "Thêm danh mục mới" 4. Admin nhập tên danh mục đã tồn tại | D24: Admin đã đăng nhập vào hệ thống với quyền quản lý danh mục Tên danh mục tồn tại trong hệ thống | E24: 1. Hệ thống hiển thị thông báo lỗi: Hệ thống hiển thị thông báo lỗi: "Danh mục đã tồn tại. Vui lòng chọn tên khác." 2. Trường "Tên danh mục" được highlight màu đỏ | F24: 1. Hệ thống hiển thị thông báo lỗi: Hệ thống hiển thị thông báo lỗi: "Danh mục đã tồn tại. Vui lòng chọn tên khác." 2. Trường "Tên danh mục" được highlight màu đỏ | G24: Passed | H24: 46121 | I24: Hiếu | J24: Passed | K24: 46124 | L24: Hiếu
A25: FUNC-CAT05 | B25: Thêm danh mục - Upload ảnh hợp lệ | C25: 1. Admin đăng nhập vào hệ thống 2. Admin truy cập trang quản lý danh mục món ăn 3. Admin nhấn nút "Thêm danh mục mới" 4. Admin chọn file ảnh JPG hoặc PNG (< 5MB) | D25: Admin đã đăng nhập vào hệ thống File ảnh có định dạng JPG hoặc PNG, kích thước < 5MB | E25: 1. Ảnh được upload thành công 2. Hiển thị preview ảnh vừa upload | F25: 1. Ảnh được upload thành công 2. Hiển thị preview ảnh vừa upload | G25: Passed | H25: 46121 | I25: Hiếu | J25: Passed | K25: 46124 | L25: Hiếu
A26: FUNC-CAT06 | B26: Thêm danh mục - Upload file sai định dạng | C26: 1. Admin đăng nhập vào hệ thống 2. Admin truy cập trang quản lý danh mục món ăn 3. Admin nhấn nút "Thêm danh mục mới" 4. Admin chọn file .exe hoặc .pdf | D26: Admin đã đăng nhập vào hệ thống | E26: 1. Hệ thống hiển thị thông báo lỗi: "Chỉ chấp nhận file ảnh định dạng JPG, PNG, GIF" 2. File không được upload | F26: 1. Hệ thống hiển thị thông báo lỗi: "Chỉ chấp nhận file ảnh định dạng JPG, PNG, GIF" 2. File không được upload | G26: Passed | H26: 46121 | I26: Hiếu | J26: Passed | K26: 46124 | L26: Hiếu
A27: FUNC-CAT07 | B27: Thêm danh mục - Bỏ trống hình ảnh | C27: 1. Admin đăng nhập vào hệ thống 2. Admin truy cập trang quản lý danh mục món ăn 3. Admin nhấn nút "Thêm danh mục mới" 4. Admin không upload hình ảnh | D27: Admin đã đăng nhập vào hệ thống | E27: 1. Hệ thống hiển thị thông báo lỗi: "Vui lòng điền đầy đủ các trường bắt buộc" 2. Trường "Hình ảnh" được highlight màu đỏ | F27: 1. Hệ thống hiển thị thông báo lỗi: "Vui lòng điền đầy đủ các trường bắt buộc" 2. Trường "Hình ảnh" được highlight màu đỏ | G27: Passed | H27: 46121 | I27: Hiếu | J27: Passed | K27: 46124 | L27: Hiếu
A28: FUNCTION_SHOW - Chức năng Sửa danh mục
A29: FUNC-CAT08 | B29: Sửa tên danh mục hợp lệ | C29: 1. Admin đăng nhập vào hệ thống 2. Admin truy cập trang quản lý danh mục món ăn 3. Admin nhấn nút "Sửa" trên một danh mục 4. Admin đổi tên danh mục | D29: Admin đã đăng nhập vào hệ thống Tên danh mục mới chưa tồn tại | E29: 1. Hệ thống hiển thị thông báo: "Cập nhật danh mục thành công" 2. Tên danh mục được cập nhật thành tên mới | F29: 1. Hệ thống hiển thị thông báo: "Cập nhật danh mục thành công" 2. Tên danh mục được cập nhật thành tên mới | G29: Passed | H29: 46121 | I29: Hiếu | J29: Passed | K29: 46124 | L29: Hiếu
A30: FUNC-CAT09 | B30: Sửa danh mục - Xóa tên (để trống) | C30: 1. Admin đăng nhập vào hệ thống 2. Admin truy cập trang quản lý danh mục món ăn 3. Admin nhấn nút "Sửa" trên một danh mục 4 Admin xóa hết nội dung trường "Tên danh mục" (để trống) | D30: Admin đã đăng nhập vào hệ thống Có ít nhất 1 danh mục trong hệ thống | E30: 1. Hệ thống hiển thị thông báo lỗi: "Vui lòng nhập tên danh mục" 2. Trường "Tên danh mục" được highlight màu đỏ | F30: 1. Hệ thống hiển thị thông báo lỗi: "Vui lòng nhập tên danh mục" 2. Trường "Tên danh mục" được highlight màu đỏ | G30: Passed | H30: 46121 | I30: Hiếu | J30: Passed | K30: 46124 | L30: Hiếu
A31: FUNC-CAT10 | B31: Sửa danh mục - Tên trùng với danh mục khác | C31: 1. Admin đăng nhập vào hệ thống 2. Admin truy cập trang quản lý danh mục món ăn 3. Admin nhấn nút "Sửa" trên một danh mục 4 Admin đổi tên thành một danh mục đã tồn tại | D31: Admin đã đăng nhập vào hệ thống Tên danh mục mới đã tồn tại | E31: 1. Hệ thống hiển thị thông báo lỗi: Hệ thống hiển thị thông báo lỗi: "Danh mục đã tồn tại. Vui lòng chọn tên khác." 2. Trường "Tên danh mục" được highlight màu đỏ | F31: 1. Hệ thống hiển thị thông báo lỗi: Hệ thống hiển thị thông báo lỗi: "Danh mục đã tồn tại. Vui lòng chọn tên khác." 2. Trường "Tên danh mục" được highlight màu đỏ | G31: Passed | H31: 46121 | I31: Hiếu | J31: Passed | K31: 46124 | L31: Hiếu
A32: FUNC-CAT11 | B32: Sửa danh mục - Không thay đổi gì và lưu | C32: 1. Admin đăng nhập vào hệ thống 2. Admin truy cập trang quản lý danh mục món ăn 3. Admin nhấn nút "Sửa" trên một danh mục 4. Admin không thay đổi bất kỳ thông tin nào | D32: Admin đã đăng nhập vào hệ thống Có ít nhất 1 danh mục trong hệ thống | E32: Dữ liệu không thay đổi trong database | F32: Dữ liệu không thay đổi trong database | G32: Passed | H32: 46121 | I32: Hiếu | J32: Passed | K32: 46124 | L32: Hiếu
A33: FUNC-CAT12 | B33: Sửa danh mục - Hủy chỉnh sửa | C33: 1. Admin đăng nhập vào hệ thống 2. Admin truy cập trang quản lý danh mục món ăn 3. Admin nhấn nút "Sửa" trên một danh mục 4. Admin nhấn nút "Hủy" hoặc nút X để đóng form | D33: Admin đã đăng nhập vào hệ thống | E33: 1. Form sửa đóng lại 2. Không có thông báo lỗi hoặc thành công 3. Danh sách danh mục hiển thị như cũ | F33: 1. Form sửa đóng lại 2. Không có thông báo lỗi hoặc thành công 3. Danh sách danh mục hiển thị như cũ | G33: Passed | H33: 46121 | I33: Hiếu | J33: Passed | K33: 46124 | L33: Hiếu
A34: FUNCTION_SHOW - Chức năng Xóa danh mục
A35: FUNC-CAT13 | B35: Xóa danh mục bình thường (Soft Delete) | C35: 1. Admin đăng nhập vào hệ thống 2. Admin truy cập trang quản lý danh mục món ăn 3. Admin nhấn nút "Xóa" trên một danh mục 4. Hệ thống hiển thị dialog xác nhận và Admin nhấn nút "Xác nhận" | D35: Admin đã đăng nhập vào hệ thống Danh mục chưa có món ăn nào | E35: 1. Hệ thống hiển thị thông báo: "Xóa danh mục thành công" 2. Danh mục biến mất khỏi danh sách chính 3. Danh mục được chuyển sang tab "Danh mục đã xóa" | F35: 1. Thông báo "xHệ thống hiển thị thông báo: "Xóa danh mục thành công" 2. Danh mục biến mất khỏi danh sách chính 3. Danh mục được chuyển sang tab "Danh mục đã xóa" | G35: Passed | H35: 46121 | I35: Hiếu | J35: Passed | K35: 46124 | L35: Hiếu
A36: FUNC-CAT14 | B36: Xóa danh mục - Hủy xóa | C36: 1. Admin đăng nhập vào hệ thống 2. Admin truy cập trang quản lý danh mục món ăn 3. Admin nhấn nút "Xóa" trên một danh mục 4. Hệ thống hiển thị dialog xác nhận và Admin nhấn nút "Hủy" | D36: Admin đã đăng nhập vào hệ thống Danh mục chưa có món ăn nào | E36: 1. Dialog xác nhận đóng lại 2. Danh mục vẫn còn trong danh sách 3. Không có thông báo nào hiển thị | F36: 1. Dialog xác nhận đóng lại 2. Danh mục vẫn còn trong danh sách 3. Không có thông báo nào hiển thị | G36: Passed | H36: 46121 | I36: Hiếu | J36: Passed | K36: 46124 | L36: Hiếu
A37: FUNC-CAT15 | B37: Khôi phục danh mục đã xóa | C37: 1. Admin đăng nhập vào hệ thống 2. Admin truy cập trang quản lý danh mục món ăn 3. Admin chuyển sang tab "Danh mục đã xóa" 4. Admin nhấn nút "Khôi phục" trên một danh mục 5. Hệ thống hiển thị dialog xác nhận và Admin nhấn "Xác nhận" | D37: Admin đã đăng nhập vào hệ thống Danh mục đã bị xóa (soft delete) trước đó | E37: 1. Hệ thống hiển thị thông báo: "Khôi phục danh mục thành công" 2. Danh mục biến mất khỏi tab "Danh mục đã xóa" 3. Danh mục xuất hiện lại trong danh sách chính | F37: 1. Hệ thống hiển thị thông báo: "Khôi phục danh mục thành công" 2. Danh mục biến mất khỏi tab "Danh mục đã xóa" 3. Danh mục xuất hiện lại trong danh sách chính | G37: Passed | H37: 46121 | I37: Hiếu | J37: Passed | K37: 46124 | L37: Hiếu
A38: FUNC-CAT16 | B38: Xóa vĩnh viễn danh mục (Hard Delete) | C38: 1. Admin đăng nhập vào hệ thống 2. Admin truy cập trang quản lý danh mục món ăn 3. Admin chuyển sang tab "Danh mục đã xóa" 4. Admin nhấn nút "Xóa vĩnh viễn" trên một danh mục 5. Hệ thống hiển thị dialog cảnh báo và Admin nhấn "Xác nhận" | D38: Admin đã đăng nhập vào hệ thống Danh mục đã bị xóa (soft delete) trước đó | E38: 1. Hệ thống hiển thị thông báo: "Xóa vĩnh viễn danh mục thành công" 2. Danh mục biến mất hoàn toàn khỏi hệ thống | F38: 1. Hệ thống hiển thị thông báo: "Xóa vĩnh viễn danh mục thành công" 2. Danh mục biến mất hoàn toàn khỏi hệ thống | G38: Passed | H38: 46121 | I38: Hiếu | J38: Passed | K38: 46124 | L38: Hiếu
A39: FUNCTION_SHOW - Chức năng Tìm kiếm danh mục
A40: FUNC-CAT17 | B40: Tìm kiếm chính xác tên danh mục | C40: 1. Admin đăng nhập vào hệ thống 2. Admin truy cập trang quản lý danh mục món ăn 3. Admin nhập từ khóa vào ô tìm kiếm | D40: Admin đã đăng nhập vào hệ thống Danh mục tồn tại trong hệ thống Có nhiều danh mục khác trong hệ thống | E40: 1. Hệ thống hiển thị danh sách kết quả liên quan đến danh mục 2. Các danh mục không liên quan bị ẩn đi | F40: 1. Hệ thống hiển thị danh sách kết quả liên quan đến danh mục 2. Các danh mục không liên quan bị ẩn đi | G40: Passed | H40: 46121 | I40: Hiếu | J40: Passed | K40: 46124 | L40: Hiếu
A41: FUNC-CAT18 | B41: Tìm kiếm không có kết quả | C41: 1. Admin đăng nhập vào hệ thống 2. Admin truy cập trang quản lý danh mục món ăn 3.Admin nhập từ khóa "abcxyz123" vào ô tìm kiếm | D41: Admin đã đăng nhập vào hệ thống Không có danh mục nào có tên chứa "abcxyz123" | E41: Hệ thống hiển thị empty state với thông báo: "Không tìm thấy kết quả phù hợp" | F41: Hệ thống hiển thị empty state với thông báo: "Không tìm thấy kết quả phù hợp" | G41: Passed | H41: 46121 | I41: Hiếu | J41: Passed | K41: 46124 | L41: Hiếu
A42: FUNC-CAT19 | B42: Tìm kiếm với khoảng trắng đầu/cuối | C42: 1. Admin đăng nhập vào hệ thống 2. Admin truy cập trang quản lý danh mục món ăn 3.Admin nhập từ khóa (có khoảng trắng đầu và cuối) vào ô tìm kiếm | D42: Admin đã đăng nhập vào hệ thống Danh mục tồn tại trong hệ thống Có nhiều danh mục khác trong hệ thống | E42: 1. Hệ thống tự động trim (loại bỏ) khoảng trắng đầu/cuối 2. Tìm kiếm với từ khóa và hiển thị kết quả đúng | F42: 1. Hệ thống tự động trim (loại bỏ) khoảng trắng đầu/cuối 2. Tìm kiếm với từ khóa và hiển thị kết quả đúng | G42: Passed | H42: 46121 | I42: Hiếu | J42: Passed | K42: 46124 | L42: Hiếu
A43: FUNC-CAT20 | B43: Tìm kiếm với ký tự đặc biệt | C43: 1. Admin đăng nhập vào hệ thống 2. Admin truy cập trang quản lý danh mục món ăn 3.Admin nhập từ khóa "@@@" hoặc "#$%" vào ô tìm kiếm | D43: Admin đã đăng nhập vào hệ thống Không có danh mục nào có tên chứa ký tự đặc biệt | E43: Hệ thống hiển thị empty state với thông báo: "Không tìm thấy kết quả phù hợp" | F43: Hệ thống hiển thị empty state với thông báo: "Không tìm thấy kết quả phù hợp" | G43: Passed | H43: 46121 | I43: Hiếu | J43: Passed | K43: 46124 | L43: Hiếu
A44: FUNC-CAT21 | B44: Xóa nội dung tìm kiếm | C44: 1. Admin đăng nhập vào hệ thống 2. Admin truy cập trang quản lý danh mục món ăn 3. Admin nhập từ khóa vào ô tìm kiếm 4. Hệ thống hiển thị kết quả tìm kiếm 5. Admin xóa hết nội dung ô tìm kiếm | D44: Admin đã đăng nhập vào hệ thống Đang ở trạng thái hiển thị kết quả tìm kiếm | E44: 1. Hệ thống tự động hiển thị lại toàn bộ danh sách danh mục 2. Không còn bộ lọc tìm kiếm nào được áp dụng | F44: Empty | G44: Passed | H44: 46121 | I44: Hiếu | J44: Passed | K44: 46124 | L44: Hiếu
A45: FUNC-CAT22 | B45: Tìm kiếm realtime | C45: 1. Admin đăng nhập vào hệ thống 2. Admin truy cập trang quản lý danh mục món ăn 3. Admin bắt đầu gõ từng ký tự 4. Quan sát kết quả tìm kiếm sau mỗi ký tự | D45: Admin đã đăng nhập vào hệ thống Danh mục tồn tại trong hệ thống Có nhiều danh mục khác trong hệ thống | E45: 1. Hiển thị tất cả danh mục realtime ứng với từng ký tự được gõ 2. Tìm kiếm diễn ra mượt mà, không lag | F45: 1. Hiển thị tất cả danh mục realtime ứng với từng ký tự được gõ 2. Tìm kiếm diễn ra mượt mà, không lag | G45: Passed | H45: 46121 | I45: Hiếu | J45: Passed | K45: 46124 | L45: Hiếu

Sheet Quản lý món ăn
A1: Project Name | B1: XÂY DỰNG HỆ THỐNG QUẢN LÝ NHÀ HÀNG THEO MÔ HÌNH TƯƠNG TÁC SỐ ĐA KÊNH
A2: Module Code | B2: Quản lý món ăn
B3: Hoàn thành | C3: Lỗi | D3: Chưa kiểm tra | E3: Bị chặn | F3: Tổng số trường hợp thử nghiệm
A4: Round 1 | B4: =COUNTIF(G21:G105,"Passed") -> 23 | C4: =COUNTIF(G21:G105,"Failed") -> 0 | D4: =COUNTIF(G21:G36,"Untested") -> 0 | E4: =COUNTIF(G21:G36,"Blocked") -> 0 | F4: =SUM(B4:C4) -> 23
A5: Round 2 | B5: =COUNTIF(J21:J105,"Passed") -> 23 | C5: =COUNTIF(J21:J105,"Failed") -> 0 | D5: =COUNTIF(J21:J36,"Untested") -> 0 | E5: =COUNTIF(J21:J36,"Blocked") -> 0 | F5: =SUM(B5:C5) -> 23
A8: Test Case ID | B8: Mô tả | C8: Hành động | D8: Điều kiện tiên quyết | E8: Kết quả mong đợi | F8: Kết quả thực tế | G8: Kết quả | J8: Kết quả | M8: Chú thích
G9: Vòng 1 | J9: Vòng 2
G10: Trạng thái | H10: Ngày kiểm tra | I10: Người kiểm tra | J10: Trạng thái | K10: Ngày kiểm tra | L10: Người kiểm tra
A11: GUI_SHOW - Giao diện trang Quản lý món ăn
A12: GUI-FOOD01 | B12: Hiển thị danh sách món ăn | C12: 1. Admin đăng nhập vào hệ thống 2. Admin truy cập menu "Quản lý món ăn" 3. Hệ thống tải và hiển thị danh sách món ăn | D12: Admin đã đăng nhập vào hệ thống với quyền quản lý món ăn Hệ thống có ít nhất 1 món ăn trong cơ sở dữ liệu | E12: 1. Hiển thị danh sách đầy đủ các món ăn chưa bị xóa 2. Mỗi món ăn hiển thị: tên món, hình ảnh, giá, danh mục, trạng thái, ngày tạo 3. Hiển thị các nút chức năng: "Thêm món ăn", "Sửa", "Xóa" cho mỗi món | F12: 1. Hiển thị danh sách đầy đủ các món ăn chưa bị xóa 2. Mỗi món ăn hiển thị: tên món, hình ảnh, giá, danh mục, trạng thái, ngày tạo 3. Hiển thị các nút chức năng: "Thêm món ăn", "Sửa", "Xóa" cho mỗi món | G12: Passed | H12: 46121 | I12: Hiếu | J12: Passed | K12: 46124 | L12: Hiếu
A13: GUI-FOOD02 | B13: Hiển thị hình ảnh món ăn | C13: 1. Admin truy cập trang quản lý món ăn 2. Quan sát hình ảnh của các món ăn trong danh sách | D13: Admin đã đăng nhập vào hệ thống | E13: 1. Hình ảnh món ăn hiển thị đúng, rõ nét 2. Hình ảnh có kích thước phù hợp, không bị méo hoặc vỡ | F13: 1. Hình ảnh món ăn hiển thị đúng, rõ nét 2. Hình ảnh có kích thước phù hợp, không bị méo hoặc vỡ | G13: Passed | H13: 46121 | I13: Hiếu | J13: Passed | K13: 46124 | L13: Hiếu
A14: GUI-FOOD03 | B14: Hiển thị các nút chức năng | C14: 1. Admin truy cập trang quản lý món ăn 2. Quan sát các nút chức năng trên giao diện | D14: Admin đã đăng nhập vào hệ thống Có ít nhất 1 món ăn trong hệ thống | E14: 1. Hiển thị nút "Thêm món ăn mới" ở vị trí dễ nhìn 2. Mỗi món ăn có nút "Sửa" và "Xóa" với icon rõ ràng | F14: 1. Hiển thị nút "Thêm món ăn mới" ở vị trí dễ nhìn 2. Mỗi món ăn có nút "Sửa" và "Xóa" với icon rõ ràng | G14: Passed | H14: 46121 | I14: Hiếu | J14: Passed | K14: 46124 | L14: Hiếu
A15: GUI-FOOD04 | B15: Hiển thị trạng thái không có dữ liệu | C15: 1. Admin đăng nhập vào hệ thống 2. Admin truy cập trang quản lý món ăn khi chưa có món nào | D15: Admin đã đăng nhập vào hệ thống Hệ thống chưa có món ăn nào (hoặc tất cả đã bị xóa) | E15: Hiển thị thông báo empty state: "Chưa có món ăn nào" | F15: Hiển thị thông báo empty state: "Chưa có món ăn nào" | G15: Passed | H15: 46121 | I15: Hiếu | J15: Passed | K15: 46124 | L15: Hiếu
A16: GUI-FOOD05 | B16: Hiển thị form thêm món ăn | C16: 1. Admin truy cập trang quản lý món ăn 2. Admin nhấn nút "Thêm món ăn mới" 3. Quan sát form thêm món ăn | D16: Admin đã đăng nhập vào hệ thống | E16: 1. Hiển thị modal hoặc form thêm món ăn với các trường 2. Hiển thị nút "Lưu" và "Hủy" 3. Các trường bắt buộc có dấu * màu đỏ | F16: 1. Hiển thị modal hoặc form thêm món ăn với các trường 2. Hiển thị nút "Lưu" và "Hủy" 3. Các trường bắt buộc có dấu * màu đỏ | G16: Passed | H16: 46121 | I16: Hiếu | J16: Passed | K16: 46124 | L16: Hiếu
A17: GUI-FOOD06 | B17: Hiển thị form sửa món ăn | C17: 1. Admin truy cập trang quản lý món ăn 2. Admin nhấn nút "Sửa" trên một món ăn 3. Quan sát form sửa món ăn | D17: Admin đã đăng nhập vào hệ thống Có ít nhất 1 món ăn trong hệ thống | E17: 1. Hiển thị modal hoặc form sửa món ăn 2. Các trường được điền sẵn thông tin hiện tại của món ăn 3. Hiển thị preview hình ảnh hiện tại 4. Hiển thị nút "Lưu thay đổi" và "Hủy" | F17: 1. Hiển thị modal hoặc form sửa món ăn 2. Các trường được điền sẵn thông tin hiện tại của món ăn 3. Hiển thị preview hình ảnh hiện tại 4. Hiển thị nút "Lưu thay đổi" và "Hủy" | G17: Passed | H17: 46121 | I17: Hiếu | J17: Passed | K17: 46124 | L17: Hiếu
A18: GUI-FOOD07 | B18: Hiển thị dialog xác nhận xóa | C18: 1. Admin truy cập trang quản lý món ăn 2. Admin nhấn nút "Xóa" trên một món ăn 3. Quan sát dialog xác nhận | D18: Admin đã đăng nhập vào hệ thống Có ít nhất 1 món ăn trong hệ thống | E18: 1. Hiển thị dialog xác nhận với nội dung: "Bạn có chắc chắn muốn xóa món ăn này không?" 2. Hiển thị tên món ăn sẽ bị xóa 3. Dialog có thể đóng bằng cách nhấn nút Hủy hoặc click ra ngoài | F18: 1. Hiển thị dialog xác nhận với nội dung: "Bạn có chắc chắn muốn xóa món ăn này không?" 2. Hiển thị tên món ăn sẽ bị xóa 3. Dialog có thể đóng bằng cách nhấn nút Hủy hoặc click ra ngoài | G18: Passed | H18: 46121 | I18: Hiếu | J18: Passed | K18: 46124 | L18: Hiếu
A19: GUI-FOOD08 | B19: Hiển thị giá món ăn với định dạng đúng | C19: 1. Admin truy cập trang quản lý món ăn 2. Quan sát cột giá trong danh sách món ăn | D19: Admin đã đăng nhập vào hệ thống Có món ăn với giá đã được nhập | E19: Giá hiển thị đúng định dạng (VD: 50.000 đ hoặc 50,000 VNĐ) | F19: Giá hiển thị đúng định dạng (VD: 50.000 đ hoặc 50,000 VNĐ) | G19: Passed | H19: 46121 | I19: Hiếu | J19: Passed | K19: 46124 | L19: Hiếu
A20: FUNCTION_SHOW - Chức năng Thêm món ăn
A21: FUNC-FOOD01 | B21: Thêm món ăn hợp lệ | C21: 1. Admin đăng nhập vào hệ thống 2. Admin truy cập trang quản lý món ăn 3. Admin nhấn nút "Thêm món ăn mới" 4. Admin nhập đầy đủ các thông tin hợp lệ 5. Admin nhấn nút "Lưu" | D21: Admin đã đăng nhập vào hệ thống với quyền quản lý món ăn Tên món ăn chưa tồn tại trong hệ thống | E21: 1. Hệ thống hiển thị thông báo: "Thêm món ăn thành công" 2. Món ăn mới xuất hiện trong danh sách ở vị trí đầu tiên | F21: 1. Hệ thống hiển thị thông báo: "Thêm món ăn thành công" 2. Món ăn mới xuất hiện trong danh sách ở vị trí đầu tiên | G21: Passed | H21: 46121 | I21: Hiếu | J21: Passed | K21: 46124 | L21: Hiếu
A22: FUNC-FOOD02 | B22: Thêm món ăn - Bỏ trống tên | C22: 1. Admin đăng nhập vào hệ thống 2. Admin truy cập trang quản lý món ăn 3. Admin nhấn nút "Thêm món ăn mới" 4. Admin để trống trường "Tên món ăn" 5. Admin nhấn nút "Lưu" | D22: Admin đã đăng nhập vào hệ thống | E22: 1. Hệ thống hiển thị thông báo lỗi: "Vui lòng điền đầy đủ các trường bắt buộc" 2. Trường "Tên món ăn" được highlight màu đỏ | F22: 1. Hệ thống hiển thị thông báo lỗi: "Vui lòng điền đầy đủ các trường bắt buộc" 2. Trường "Tên món ăn" được highlight màu đỏ | G22: Passed | H22: 46121 | I22: Hiếu | J22: Passed | K22: 46124 | L22: Hiếu
A23: FUNC-FOOD03 | B23: Thêm món ăn - Không chọn danh mục | C23: 1. Admin đăng nhập vào hệ thống 2. Admin truy cập trang quản lý món ăn 3. Admin nhấn nút "Thêm món ăn mới" 4. Admin nhập tên món nhưng không chọn danh mục 5. Admin nhấn nút "Lưu" | D23: Admin đã đăng nhập vào hệ thống | E23: Hệ thống hiển thị thông báo lỗi: "Vui lòng chọn danh mục" | F23: Hệ thống hiển thị thông báo lỗi: "Vui lòng chọn danh mục" | G23: Passed | H23: 46121 | I23: Hiếu | J23: Passed | K23: 46124 | L23: Hiếu
A24: FUNC-FOOD04 | B24: Thêm món ăn - Giá âm | C24: 1. Admin đăng nhập vào hệ thống 2. Admin truy cập trang quản lý món ăn 3. Admin nhấn nút "Thêm món ăn mới" 4. Admin nhập giá âm (VD: -100) 5. Admin nhấn nút "Lưu" | D24: Admin đã đăng nhập vào hệ thống | E24: Hệ thống hiển thị thông báo lỗi: "Giá món ăn phải lớn hơn 0" | F24: Hệ thống hiển thị thông báo lỗi: "Giá món ăn phải lớn hơn 0" | G24: Passed | H24: 46121 | I24: Hiếu | J24: Passed | K24: 46124 | L24: Hiếu
A25: FUNC-FOOD05 | B25: Thêm món ăn - Không upload ảnh | C25: 1. Admin đăng nhập vào hệ thống 2. Admin truy cập trang quản lý món ăn 3. Admin nhấn nút "Thêm món ăn mới" 4. Admin nhập đầy đủ thông tin nhưng không upload ảnh 5. Admin nhấn nút "Lưu" | D25: Admin đã đăng nhập vào hệ thống | E25: Hệ thống hiển thị thông báo lỗi: "Vui lòng chọn hình ảnh" | F25: Hệ thống hiển thị thông báo lỗi: "Vui lòng chọn hình ảnh" | G25: Passed | H25: 46121 | I25: Hiếu | J25: Passed | K25: 46124 | L25: Hiếu
A26: FUNC-FOOD06 | B26: Thêm món ăn - Tên món trùng lặp | C26: 1. Admin đăng nhập vào hệ thống 2. Admin truy cập trang quản lý món ăn 3. Admin nhấn nút "Thêm món ăn mới" 4. Admin nhập tên món đã tồn tại trong hệ thống 5. Admin nhấn nút "Lưu" | D26: Admin đã đăng nhập vào hệ thống Tên món ăn đã tồn tại trong hệ thống | E26: 1. Hệ thống hiển thị thông báo lỗi: "Món ăn đã tồn tại. Vui lòng chọn tên khác." 2. Trường "Tên món ăn" được highlight màu đỏ | F26: 1. Hệ thống hiển thị thông báo lỗi: "Món ăn đã tồn tại. Vui lòng chọn tên khác." 2. Trường "Tên món ăn" được highlight màu đỏ | G26: Passed | H26: 46121 | I26: Hiếu | J26: Passed | K26: 46124 | L26: Hiếu
A27: FUNC-FOOD07 | B27: Thêm món ăn - Upload ảnh hợp lệ | C27: 1. Admin đăng nhập vào hệ thống 2. Admin truy cập trang quản lý món ăn 3. Admin nhấn nút "Thêm món ăn mới" 4. Admin chọn file ảnh JPG hoặc PNG (< 5MB) | D27: Admin đã đăng nhập vào hệ thống File ảnh có định dạng JPG hoặc PNG, kích thước < 5MB | E27: 1. Ảnh được upload thành công 2. Hiển thị preview ảnh vừa upload | F27: 1. Ảnh được upload thành công 2. Hiển thị preview ảnh vừa upload | G27: Passed | H27: 46121 | I27: Hiếu | J27: Passed | K27: 46124 | L27: Hiếu
A28: FUNC-FOOD08 | B28: Thêm món ăn - Upload file sai định dạng | C28: 1. Admin đăng nhập vào hệ thống 2. Admin truy cập trang quản lý món ăn 3. Admin nhấn nút "Thêm món ăn mới" 4. Admin chọn file .exe hoặc .pdf | D28: Admin đã đăng nhập vào hệ thống | E28: 1. Hệ thống hiển thị thông báo lỗi: "Chỉ chấp nhận file ảnh định dạng JPG, PNG, GIF" 2. File không được upload | F28: 1. Hệ thống hiển thị thông báo lỗi: "Chỉ chấp nhận file ảnh định dạng JPG, PNG, GIF" 2. File không được upload | G28: Passed | H28: 46121 | I28: Hiếu | J28: Passed | K28: 46124 | L28: Hiếu
A29: FUNCTION_SHOW - Chức năng Sửa món ăn
A30: FUNC-FOOD09 | B30: Sửa món ăn hợp lệ | C30: 1. Admin đăng nhập vào hệ thống 2. Admin truy cập trang quản lý món ăn 3. Admin nhấn nút "Sửa" trên một món ăn 4. Admin thay đổi thông tin món ăn 5. Admin nhấn nút "Lưu thay đổi" | D30: Admin đã đăng nhập vào hệ thống Có ít nhất 1 món ăn trong hệ thống Tên món ăn mới chưa tồn tại | E30: 1. Hệ thống hiển thị thông báo: "Cập nhật món ăn thành công" 2. Thông tin món ăn được cập nhật trong danh sách | F30: 1. Hệ thống hiển thị thông báo: "Cập nhật món ăn thành công" 2. Thông tin món ăn được cập nhật trong danh sách | G30: Passed | H30: 46121 | I30: Hiếu | J30: Passed | K30: 46124 | L30: Hiếu
A31: FUNC-FOOD10 | B31: Sửa món ăn - Xóa tên (để trống) | C31: 1. Admin đăng nhập vào hệ thống 2. Admin truy cập trang quản lý món ăn 3. Admin nhấn nút "Sửa" trên một món ăn 4. Admin xóa hết nội dung trường "Tên món ăn" 5. Admin nhấn nút "Lưu thay đổi" | D31: Admin đã đăng nhập vào hệ thống Có ít nhất 1 món ăn trong hệ thống | E31: 1. Hệ thống hiển thị thông báo lỗi: "Vui lòng nhập tên món ăn" 2. Trường "Tên món ăn" được highlight màu đỏ | F31: 1. Hệ thống hiển thị thông báo lỗi: "Vui lòng nhập tên món ăn" 2. Trường "Tên món ăn" được highlight màu đỏ | G31: Passed | H31: 46121 | I31: Hiếu | J31: Passed | K31: 46124 | L31: Hiếu
A32: FUNC-FOOD11 | B32: Sửa món ăn - Thay đổi danh mục | C32: 1. Admin đăng nhập vào hệ thống 2. Admin truy cập trang quản lý món ăn 3. Admin nhấn nút "Sửa" trên một món ăn 4. Admin chọn danh mục khác 5. Admin nhấn nút "Lưu thay đổi" | D32: Admin đã đăng nhập vào hệ thống Có ít nhất 1 món ăn trong hệ thống Có ít nhất 2 danh mục trong hệ thống | E32: 1. Hệ thống hiển thị thông báo: "Cập nhật món ăn thành công" 2. Danh mục của món ăn được cập nhật đúng | F32: 1. Hệ thống hiển thị thông báo: "Cập nhật món ăn thành công" 2. Danh mục của món ăn được cập nhật đúng | G32: Passed | H32: 46121 | I32: Hiếu | J32: Passed | K32: 46124 | L32: Hiếu
A33: FUNC-FOOD12 | B33: Sửa món ăn - Thay đổi hình ảnh | C33: 1. Admin đăng nhập vào hệ thống 2. Admin truy cập trang quản lý món ăn 3. Admin nhấn nút "Sửa" trên một món ăn 4. Admin upload ảnh mới 5. Admin nhấn nút "Lưu thay đổi" | D33: Admin đã đăng nhập vào hệ thống Có ít nhất 1 món ăn trong hệ thống | E33: 1. Hệ thống hiển thị thông báo: "Cập nhật món ăn thành công" 2. Hình ảnh món ăn được cập nhật | F33: 1. Hệ thống hiển thị thông báo: "Cập nhật món ăn thành công" 2. Hình ảnh món ăn được cập nhật | G33: Passed | H33: 46121 | I33: Hiếu | J33: Passed | K33: 46124 | L33: Hiếu
A34: FUNC-FOOD13 | B34: Sửa món ăn - Hủy chỉnh sửa | C34: 1. Admin đăng nhập vào hệ thống 2. Admin truy cập trang quản lý món ăn 3. Admin nhấn nút "Sửa" trên một món ăn 4. Admin thay đổi thông tin 5. Admin nhấn nút "Hủy" | D34: Admin đã đăng nhập vào hệ thống Có ít nhất 1 món ăn trong hệ thống | E34: 1. Form sửa đóng lại 2. Dữ liệu không thay đổi 3. Không có thông báo lỗi hoặc thành công | F34: 1. Form sửa đóng lại 2. Dữ liệu không thay đổi 3. Không có thông báo lỗi hoặc thành công | G34: Passed | H34: 46121 | I34: Hiếu | J34: Passed | K34: 46124 | L34: Hiếu
A35: FUNC-FOOD14 | B35: Sửa món ăn - Tên trùng với món khác | C35: 1. Admin đăng nhập vào hệ thống 2. Admin truy cập trang quản lý món ăn 3. Admin nhấn nút "Sửa" trên một món ăn 4. Admin đổi tên thành tên món đã tồn tại 5. Admin nhấn nút "Lưu thay đổi" | D35: Admin đã đăng nhập vào hệ thống Có ít nhất 2 món ăn trong hệ thống | E35: Hệ thống hiển thị thông báo lỗi: "Món ăn đã tồn tại. Vui lòng chọn tên khác." | F35: Hệ thống hiển thị thông báo lỗi: "Món ăn đã tồn tại. Vui lòng chọn tên khác." | G35: Passed | H35: 46121 | I35: Hiếu | J35: Passed | K35: 46124 | L35: Hiếu
A36: FUNC-FOOD15 | B36: Sửa món ăn - Giá âm | C36: 1. Admin đăng nhập vào hệ thống 2. Admin truy cập trang quản lý món ăn 3. Admin nhấn nút "Sửa" trên một món ăn 4. Admin nhập giá âm (VD: -50) 5. Admin nhấn nút "Lưu thay đổi" | D36: Admin đã đăng nhập vào hệ thống Có ít nhất 1 món ăn trong hệ thống | E36: Hệ thống hiển thị thông báo lỗi: "Giá món ăn phải lớn hơn 0" | F36: Hệ thống hiển thị thông báo lỗi: "Giá món ăn phải lớn hơn 0" | G36: Passed | H36: 46121 | I36: Hiếu | J36: Passed | K36: 46124 | L36: Hiếu
A37: FUNCTION_SHOW - Chức năng Xóa món ăn
A38: FUNC-FOOD16 | B38: Xóa món ăn | C38: 1. Admin đăng nhập vào hệ thống 2. Admin truy cập trang quản lý món ăn 3. Admin nhấn nút "Xóa" trên một món ăn 4. Hệ thống hiển thị dialog xác nhận 5. Admin nhấn nút "Xác nhận" | D38: Admin đã đăng nhập vào hệ thống Có ít nhất 1 món ăn trong hệ thống | E38: 1. Hệ thống hiển thị thông báo: "Xóa món ăn thành công" 2. Món ăn biến mất khỏi danh sách chính | F38: 1. Hệ thống hiển thị thông báo: "Xóa món ăn thành công" 2. Món ăn biến mất khỏi danh sách chính | G38: Passed | H38: 46121 | I38: Hiếu | J38: Passed | K38: 46124 | L38: Hiếu
A39: FUNC-FOOD17 | B39: Xóa món ăn - Hủy xóa | C39: 1. Admin đăng nhập vào hệ thống 2. Admin truy cập trang quản lý món ăn 3. Admin nhấn nút "Xóa" trên một món ăn 4. Hệ thống hiển thị dialog xác nhận 5. Admin nhấn nút "Hủy" | D39: Admin đã đăng nhập vào hệ thống Có ít nhất 1 món ăn trong hệ thống | E39: 1. Dialog xác nhận đóng lại 2. Món ăn vẫn còn trong danh sách 3. Không có thông báo nào hiển thị | F39: 1. Dialog xác nhận đóng lại 2. Món ăn vẫn còn trong danh sách 3. Không có thông báo nào hiển thị | G39: Passed | H39: 46121 | I39: Hiếu | J39: Passed | K39: 46124 | L39: Hiếu
A40: FUNC-FOOD18 | B40: Xóa món ăn cuối cùng | C40: 1. Admin đăng nhập vào hệ thống 2. Admin truy cập trang quản lý món ăn 3. Admin xóa hết tất cả món ăn trong danh sách | D40: Admin đã đăng nhập vào hệ thống Có ít nhất 1 món ăn trong hệ thống | E40: 1. Sau khi xóa hết, hiển thị thông báo empty state: "Không có dữ liệu" 2. Hệ thống không bị lỗi | F40: 1. Sau khi xóa hết, hiển thị thông báo empty state: "Không có dữ liệu" 2. Hệ thống không bị lỗi | G40: Passed | H40: 46121 | I40: Hiếu | J40: Passed | K40: 46124 | L40: Hiếu
A41: FUNCTION_SHOW - Chức năng Tìm kiếm món ăn
A42: FUNC-FOOD19 | B42: Tìm kiếm chính xác tên món ăn | C42: 1. Admin đăng nhập vào hệ thống 2. Admin truy cập trang quản lý món ăn 3. Admin nhập từ khóa chính xác vào ô tìm kiếm | D42: Admin đã đăng nhập vào hệ thống Món ăn tồn tại trong hệ thống Có nhiều món ăn khác trong hệ thống | E42: 1. Hệ thống hiển thị danh sách kết quả chứa món ăn đúng 2. Các món ăn không liên quan bị ẩn đi | F42: 1. Hệ thống hiển thị danh sách kết quả chứa món ăn đúng 2. Các món ăn không liên quan bị ẩn đi | G42: Passed | H42: 46121 | I42: Hiếu | J42: Passed | K42: 46124 | L42: Hiếu
A43: FUNC-FOOD20 | B43: Tìm kiếm không dấu | C43: 1. Admin đăng nhập vào hệ thống 2. Admin truy cập trang quản lý món ăn 3. Admin nhập từ khóa không dấu vào ô tìm kiếm | D43: Admin đã đăng nhập vào hệ thống Món ăn có dấu tồn tại trong hệ thống | E43: Hệ thống hiển thị món ăn có dấu trong kết quả (hỗ trợ tìm kiếm không dấu) | F43: Hệ thống hiển thị món ăn có dấu trong kết quả (hỗ trợ tìm kiếm không dấu) | G43: Passed | H43: 46121 | I43: Hiếu | J43: Passed | K43: 46124 | L43: Hiếu
A44: FUNC-FOOD21 | B44: Tìm kiếm một phần tên món | C44: 1. Admin đăng nhập vào hệ thống 2. Admin truy cập trang quản lý món ăn 3. Admin nhập một phần tên món vào ô tìm kiếm | D44: Admin đã đăng nhập vào hệ thống Có nhiều món ăn trong hệ thống | E44: Hệ thống hiển thị tất cả món ăn có tên chứa từ khóa tìm kiếm | F44: Hệ thống hiển thị tất cả món ăn có tên chứa từ khóa tìm kiếm | G44: Passed | H44: 46121 | I44: Hiếu | J44: Passed | K44: 46124 | L44: Hiếu
A45: FUNC-FOOD22 | B45: Tìm kiếm không phân biệt hoa thường | C45: 1. Admin đăng nhập vào hệ thống 2. Admin truy cập trang quản lý món ăn 3. Admin nhập từ khóa viết hoa vào ô tìm kiếm | D45: Admin đã đăng nhập vào hệ thống Món ăn tồn tại trong hệ thống | E45: Hệ thống tìm kiếm không phân biệt hoa thường (case insensitive) | F45: Hệ thống tìm kiếm không phân biệt hoa thường (case insensitive) | G45: Passed | H45: 46121 | I45: Hiếu | J45: Passed | K45: 46124 | L45: Hiếu
A46: FUNC-FOOD23 | B46: Tìm kiếm không có kết quả | C46: 1. Admin đăng nhập vào hệ thống 2. Admin truy cập trang quản lý món ăn 3. Admin nhập từ khóa không tồn tại vào ô tìm kiếm (VD: "abcxyz") | D46: Admin đã đăng nhập vào hệ thống Không có món ăn nào có tên chứa từ khóa | E46: Hệ thống hiển thị empty state với thông báo: "Không tìm thấy kết quả phù hợp" | F46: Hệ thống hiển thị empty state với thông báo: "Không tìm thấy kết quả phù hợp" | G46: Passed | H46: 46121 | I46: Hiếu | J46: Passed | K46: 46124 | L46: Hiếu

Sheet Quản lý bàn
A1: Project Name | B1: XÂY DỰNG HỆ THỐNG QUẢN LÝ NHÀ HÀNG THEO MÔ HÌNH TƯƠNG TÁC SỐ ĐA KÊNH
A2: Module Code | B2: Quản lý bàn
B3: Hoàn thành | C3: Lỗi | D3: Chưa kiểm tra | E3: Bị chặn | F3: Tổng số trường hợp thử nghiệm
A4: Round 1 | B4: =COUNTIF(G12:G100,"Passed") -> 39 | C4: =COUNTIF(G12:G100,"Failed") -> 0 | D4: =COUNTIF(G12:G28,"Untested") -> 0 | E4: =COUNTIF(G12:G28,"Blocked") -> 0 | F4: =SUM(B4:C4) -> 39
A5: Round 2 | B5: =COUNTIF(J12:J100,"Passed") -> 39 | C5: =COUNTIF(J12:J100,"Failed") -> 0 | D5: =COUNTIF(J12:J28,"Untested") -> 0 | E5: =COUNTIF(J12:J28,"Blocked") -> 0 | F5: =SUM(B5:C5) -> 39
A8: Test Case ID | B8: Mô tả | C8: Hành động | D8: Điều kiện tiên quyết | E8: Kết quả mong đợi | F8: Kết quả thực tế | G8: Kết quả | J8: Kết quả | M8: Chú thích
G9: Vòng 1 | J9: Vòng 2
G10: Trạng thái | H10: Ngày kiểm tra | I10: Người kiểm tra | J10: Trạng thái | K10: Ngày kiểm tra | L10: Người kiểm tra
A11: GUI_SHOW - Danh sách bàn
A12: GUI-DSB01 | B12: Hiển thị danh sách bàn | C12: 1. Admin đăng nhập vào hệ thống 2. Admin truy cập menu "Quản lý bàn" 3. Hệ thống tải và hiển thị danh sách bàn | D12: Admin đã đăng nhập vào hệ thống với quyền quản lý bàn Hệ thống có ít nhất 1 bàn trong cơ sở dữ liệu | E12: 1. Hiển thị tiêu đề "QUẢN LÝ BÀN" rõ ràng 2. Hiển thị bảng danh sách với các cột: Số bàn, ID, Sức chứa, Trạng thái, Vị trí, Ngày tạo, Thao tác 3. Hiển thị các nút chức năng: "Thêm Bàn Mới", "Sửa", "Xóa", "QR Code" | F12: 1. Hiển thị tiêu đề "QUẢN LÝ BÀN" rõ ràng 2. Hiển thị bảng danh sách với các cột: Số bàn, ID, Sức chứa, Trạng thái, Vị trí, Ngày tạo, Thao tác 3. Hiển thị các nút chức năng: "Thêm Bàn Mới", "Sửa", "Xóa", "QR Code" | G12: Passed | H12: 46121 | I12: Lâm | J12: Passed | K12: 46124 | L12: Lâm
A13: GUI-DSB02 | B13: Hiển thị nút "Thêm Bàn Mới" | C13: 1. Admin truy cập trang quản lý bàn 2. Quan sát nút "Thêm Bàn Mới" | D13: Admin đã đăng nhập vào hệ thống | E13: Button hiển thị text "Thêm Bàn Mới", trạng thái Enable, ở vị trí dễ nhìn | F13: Button hiển thị text "Thêm Bàn Mới", trạng thái Enable, ở vị trí dễ nhìn | G13: Passed | H13: 46121 | I13: Lâm | J13: Passed | K13: 46124 | L13: Lâm
A14: GUI-DSB03 | B14: Hiển thị thanh tìm kiếm | C14: 1. Admin truy cập trang quản lý bàn 2. Quan sát thanh tìm kiếm | D14: Admin đã đăng nhập vào hệ thống | E14: Hiển thị search bar với placeholder: "Tìm kiếm...", trạng thái Enable | F14: Hiển thị search bar với placeholder: "Tìm kiếm...", trạng thái Enable | G14: Passed | H14: 46121 | I14: Lâm | J14: Passed | K14: 46124 | L14: Lâm
A15: GUI-DSB04 | B15: Hiển thị trạng thái bàn | C15: 1. Admin truy cập trang quản lý bàn 2. Quan sát cột trạng thái trong bảng | D15: Admin đã đăng nhập vào hệ thống Có bàn với các trạng thái khác nhau | E15: Hiển thị label trạng thái (Trống / Đang sử dụng / Đã đặt / Đang bảo trì) với màu sắc phù hợp | F15: Hiển thị label trạng thái (Trống / Đang sử dụng / Đã đặt / Đang bảo trì) với màu sắc phù hợp | G15: Passed | H15: 46121 | I15: Lâm | J15: Passed | K15: 46124 | L15: Lâm
A16: GUI-DSB05 | B16: Hiển thị các nút thao tác | C16: 1. Admin truy cập trang quản lý bàn 2. Quan sát cột "Thao tác" trong bảng | D16: Admin đã đăng nhập vào hệ thống Có ít nhất 1 bàn trong hệ thống | E16: 1. Hiển thị nút QR Code với icon rõ ràng 2. Hiển thị nút Sửa với icon bút (Edit) 3. Hiển thị nút Xóa với icon thùng rác 4. Tất cả các nút ở trạng thái Enable | F16: 1. Hiển thị nút QR Code với icon rõ ràng 2. Hiển thị nút Sửa với icon bút (Edit) 3. Hiển thị nút Xóa với icon thùng rác 4. Tất cả các nút ở trạng thái Enable | G16: Passed | H16: 46121 | I16: Lâm | J16: Passed | K16: 46124 | L16: Lâm
A17: GUI-DSB06 | B17: Hiển thị form thêm bàn | C17: 1. Admin truy cập trang quản lý bàn 2. Admin nhấn nút "Thêm Bàn Mới" 3. Quan sát form thêm bàn | D17: Admin đã đăng nhập vào hệ thống | E17: 1. Hiển thị modal/popup thêm bàn với các trường: Số bàn, Sức chứa, Vị trí, Trạng thái, Ghi chú 2. Hiển thị nút "Thêm Bàn" và "Hủy" 3. Các trường bắt buộc có dấu * màu đỏ | F17: 1. Hiển thị modal/popup thêm bàn với các trường: Số bàn, Sức chứa, Vị trí, Trạng thái, Ghi chú 2. Hiển thị nút "Thêm Bàn" và "Hủy" 3. Các trường bắt buộc có dấu * màu đỏ | G17: Passed | H17: 46121 | I17: Lâm | J17: Passed | K17: 46124 | L17: Lâm
A18: GUI-DSB07 | B18: Hiển thị form sửa bàn | C18: 1. Admin truy cập trang quản lý bàn 2 Admin nhấn nút "Sửa" trên một bàn 3. Quan sát form sửa bàn | D18: Admin đã đăng nhập vào hệ thống Có ít nhất 1 bàn trong hệ thống | E18: 1. Hiển thị modal/popup cập nhật bàn 2. Các trường được điền sẵn thông tin hiện tại của bàn 3. Hiển thị nút "Cập Nhật" và "Hủy" | F18: 1. Hiển thị modal/popup cập nhật bàn 2. Các trường được điền sẵn thông tin hiện tại của bàn 3. Hiển thị nút "Cập Nhật" và "Hủy" | G18: Passed | H18: 46121 | I18: Lâm | J18: Passed | K18: 46124 | L18: Lâm
A19: GUI-DSB08 | B19: Hiển thị dialog xác nhận xóa | C19: 1. Admin truy cập trang quản lý bàn 2. Admin nhấn nút "Xóa" trên một bàn 3. Quan sát dialog xác nhận | D19: Admin đã đăng nhập vào hệ thống Có ít nhất 1 bàn trong hệ thống | E19: 1. Hiển thị dialog xác nhận với nội dung: "Bạn có chắc chắn muốn xóa bàn này không?" 2. Hiển thị số bàn sẽ bị xóa 3. Hiển thị nút "Xác nhận" và "Hủy" | F19: 1. Hiển thị dialog xác nhận với nội dung: "Bạn có chắc chắn muốn xóa bàn này không?" 2. Hiển thị số bàn sẽ bị xóa 3. Hiển thị nút "Xác nhận" và "Hủy" | G19: Passed | H19: 46121 | I19: Lâm | J19: Passed | K19: 46124 | L19: Lâm
A20: GUI-DSB09 | B20: Hiển thị QR Code | C20: 1. Admin truy cập trang quản lý bàn 2. Admin nhấn nút QR Code trên một bàn 3. Quan sát QR Code | D20: Admin đã đăng nhập vào hệ thống Có ít nhất 1 bàn trong hệ thống | E20: Hiển thị QR code đúng của bàn, rõ nét, có thể quét được | F20: Hiển thị QR code đúng của bàn, rõ nét, có thể quét được | G20: Passed | H20: 46121 | I20: Lâm | J20: Passed | K20: 46124 | L20: Lâm
A21: FUNCTION_SHOW - Chức năng Danh sách bàn
A22: FUNC-TABLE01 | B22: Tìm kiếm bàn | C22: 1. Admin đăng nhập vào hệ thống 2. Admin truy cập trang quản lý bàn 3. Admin nhập từ khóa vào ô tìm kiếm | D22: Admin đã đăng nhập vào hệ thống Có nhiều bàn trong hệ thống | E22: Hiển thị danh sách bàn phù hợp với từ khóa tìm kiếm | F22: Hiển thị danh sách bàn phù hợp với từ khóa tìm kiếm | G22: Passed | H22: 46121 | I22: Lâm | J22: Passed | K22: 46124 | L22: Lâm
A23: FUNC-TABLE02 | B23: Nhấn nút "Thêm Bàn Mới" | C23: 1. Admin truy cập trang quản lý bàn 2. Admin nhấn nút "Thêm Bàn Mới" | D23: Admin đã đăng nhập vào hệ thống | E23: Chuyển đến giao diện thêm bàn hoặc hiển thị modal thêm bàn | F23: Chuyển đến giao diện thêm bàn hoặc hiển thị modal thêm bàn | G23: Passed | H23: 46121 | I23: Lâm | J23: Passed | K23: 46124 | L23: Lâm
A24: FUNC-TABLE03 | B24: Nhấn nút "Sửa" | C24: 1. Admin truy cập trang quản lý bàn 2. Admin nhấn nút "Sửa" trên một bàn | D24: Admin đã đăng nhập vào hệ thống | E24: Chuyển đến trang cập nhật thông tin bàn hoặc hiển thị modal, dữ liệu được điền sẵn đúng | F24: Chuyển đến trang cập nhật thông tin bàn hoặc hiển thị modal, dữ liệu được điền sẵn đúng | G24: Passed | H24: 46121 | I24: Lâm | J24: Passed | K24: 46124 | L24: Lâm
A25: FUNC-TABLE04 | B25: Xóa bàn | C25: 1. Admin truy cập trang quản lý bàn 2. Admin nhấn nút "Xóa" trên một bàn 3. Admin nhấn "Xác nhận" trong dialog | D25: Admin đã đăng nhập vào hệ thống Có ít nhất 1 bàn trong hệ thống | E25: 1. Hiển thị thông báo: "Xóa bàn thành công" 2. Bàn biến mất khỏi danh sách 3. Danh sách được cập nhật | F25: 1. Hiển thị thông báo: "Xóa bàn thành công" 2. Bàn biến mất khỏi danh sách 3. Danh sách được cập nhật | G25: Passed | H25: 46121 | I25: Lâm | J25: Passed | K25: 46124 | L25: Lâm
A26: FUNC-TABLE05 | B26: Kiểm tra trạng thái sau khi xóa | C26: 1. Xóa 1 bàn 2. Reload hoặc quan sát | D26: Admin đã đăng nhập vào hệ thống | E26: Bàn không còn hiển thị trong danh sách | F26: Bàn không còn hiển thị trong danh sách | G26: Passed | H26: 46121 | I26: Lâm | J26: Passed | K26: 46124 | L26: Lâm
A27: FUNC-TABLE06 | B27: Kiểm tra hiển thị trạng thái bàn | C27: Quan sát trạng thái | D27: Admin đã đăng nhập vào hệ thống | E27: Trạng thái hiển thị đúng (Trống / Đang sử dụng/ Đã đặt, Đang bảo trì) | F27: Trạng thái hiển thị đúng (Trống / Đang sử dụng/ Đã đặt, Đang bảo trì) | G27: Passed | H27: 46121 | I27: Lâm | J27: Passed | K27: 46124 | L27: Lâm
A28: FUNC-TABLE07 | B28: Kiểm tra QR Code bàn | C28: 1. Nhấn icon QR 2. Quan sát | D28: Admin đã đăng nhập vào hệ thống | E28: Hiển thị QR code đúng của bàn | F28: Hiển thị QR code đúng của bàn | G28: Passed | H28: 46121 | I28: Lâm | J28: Passed | K28: 46124 | L28: Lâm
A29: FUNCTION_SHOW - Thêm bàn
A30: FUNC-TABLE08 | B30: Thêm bàn với dữ liệu hợp lệ | C30: 1. Nhập đầy đủ thông tin 2. Nhấn "Thêm Bàn" | D30: Hệ thống hoạt động bình thường, user đã đăng nhập và có quyền thêm bàn | E30: Hiển thị thông báo thành công và lưu DB | F30: Hiển thị thông báo thành công và lưu DB | G30: Passed | H30: 46121 | I30: Lâm | J30: Passed | K30: 46124 | L30: Lâm
A31: FUNC-TABLE09 | B31: Bỏ trống "Số bàn" | C31: 1. Không nhập số bàn 2. Nhấn "Thêm Bàn" | D31: Đang mở form thêm bàn | E31: Hiển thị lỗi: "Số bàn không được để trống" | F31: Hiển thị lỗi: "Số bàn không được để trống" | G31: Passed | H31: 46121 | I31: Lâm | J31: Passed | K31: 46124 | L31: Lâm
A32: FUNC-TABLE10 | B32: Bỏ trống "Sức chứa" | C32: 1. Không nhập sức chứa 2. Nhấn "Thêm Bàn" | D32: Đang mở form thêm bàn | E32: Hiển thị lỗi yêu cầu nhập | F32: Hiển thị lỗi yêu cầu nhập | G32: Passed | H32: 46121 | I32: Lâm | J32: Passed | K32: 46124 | L32: Lâm
A33: FUNC-TABLE11 | B33: Nhập sức chứa không hợp lệ | C33: 1. Nhập số < 1 hoặc > 20 2. Nhấn "Thêm Bàn" | D33: Đang mở form thêm bàn | E33: Hiển thị lỗi: "Sức chứa từ 1-20" | F33: Hiển thị lỗi: "Sức chứa từ 1-20" | G33: Passed | H33: 46121 | I33: Lâm | J33: Passed | K33: 46124 | L33: Lâm
A34: FUNC-TABLE12 | B34: Nhập ký tự vào sức chứa | C34: 1. Nhập chữ (abc) 2. Nhấn "Thêm Bàn" | D34: Đang mở form thêm bàn | E34: Không cho nhập hoặc báo lỗi | F34: Không cho nhập hoặc báo lỗi | G34: Passed | H34: 46121 | I34: Lâm | J34: Passed | K34: 46124 | L34: Lâm
A35: FUNC-TABLE13 | B35: Không chọn vị trí | C35: 1. Không chọn vị trí 2. Nhấn "Thêm Bàn" | D35: Danh sách vị trí đã được load | E35: Hiển thị lỗi yêu cầu chọn vị trí | F35: Hiển thị lỗi yêu cầu chọn vị trí | G35: Passed | H35: 46121 | I35: Lâm | J35: Passed | K35: 46124 | L35: Lâm
A36: FUNC-TABLE14 | B36: Trùng số bàn | C36: 1. Nhập số bàn đã tồn tại 2. Nhấn "Thêm Bàn" | D36: Đã tồn tại bàn trong DB với số bàn tương ứng | E36: Hiển thị lỗi: "Số bàn đã tồn tại" | F36: Hiển thị lỗi: "Số bàn đã tồn tại" | G36: Passed | H36: 46121 | I36: Lâm | J36: Passed | K36: 46124 | L36: Lâm
A37: FUNC-TABLE15 | B37: Kiểm tra nút "Hủy" | C37: 1. Nhấn "Hủy" | D37: Popup thêm bàn đang mở | E37: Đóng popup, không lưu dữ liệu | F37: Đóng popup, không lưu dữ liệu | G37: Passed | H37: 46121 | I37: Lâm | J37: Passed | K37: 46124 | L37: Lâm
A38: FUNC-TABLE16 | B38: Kiểm tra nút "X" | C38: 1. Nhấn icon X | D38: Popup thêm bàn đang mở | E38: Đóng popup | F38: Đóng popup | G38: Passed | H38: 46121 | I38: Lâm | J38: Passed | K38: 46124 | L38: Lâm
A39: FUNC-TABLE17 | B39: Kiểm tra ghi chú | C39: 1. Nhập ghi chú 2. Thêm bàn | D39: Đang mở form thêm bàn | E39: Ghi chú được lưu đúng | F39: Ghi chú được lưu đúng | G39: Passed | H39: 46121 | I39: Lâm | J39: Passed | K39: 46124 | L39: Lâm
A40: FUNC-TABLE18 | B40: Kiểm tra trạng thái mặc định | C40: Không đổi trạng thái | D40: Không chọn trạng thái khi tạo mới | E40: Giá trị mặc định là "Trống" | F40: Giá trị mặc định là "Trống" | G40: Passed | H40: 46121 | I40: Lâm | J40: Passed | K40: 46124 | L40: Lâm
A41: FUNCTION_SHOW - Sửa bàn
A42: FUNC-TABLE19 | B42: Cập nhật bàn với dữ liệu hợp lệ | C42: 1. Sửa thông tin 2. Nhấn "Cập Nhật" | D42: Hệ thống hoạt động bình thường, user đã đăng nhập và có quyền chỉnh sửa bàn, dữ liệu bàn đã tồn tại | E42: Hiển thị thông báo thành công, dữ liệu được cập nhật | F42: Hiển thị thông báo thành công, dữ liệu được cập nhật | G42: Passed | H42: 46121 | I42: Lâm | J42: Passed | K42: 46124 | L42: Lâm
A43: FUNC-TABLE20 | B43: Bỏ trống "Số bàn" | C43: 1. Xóa nội dung 2. Nhấn "Cập Nhật" | D43: Đang mở form cập nhật bàn | E43: Hiển thị lỗi: "Số bàn không được để trống" | F43: Hiển thị lỗi: "Số bàn không được để trống" | G43: Passed | H43: 46121 | I43: Lâm | J43: Passed | K43: 46124 | L43: Lâm
A44: FUNC-TABLE21 | B44: Bỏ trống "Sức chứa" | C44: 1. Xóa nội dung 2. Nhấn "Cập Nhật" | D44: Đang mở form cập nhật bàn | E44: Hiển thị lỗi yêu cầu nhập | F44: Hiển thị lỗi yêu cầu nhập | G44: Passed | H44: 46121 | I44: Lâm | J44: Passed | K44: 46124 | L44: Lâm
A45: FUNC-TABLE22 | B45: Nhập sức chứa không hợp lệ | C45: 1. Nhập < 1 hoặc > 20 2. Nhấn "Cập Nhật" | D45: Đang mở form cập nhật bàn | E45: Hiển thị lỗi: "Sức chứa từ 1-20" | F45: Hiển thị lỗi: "Sức chứa từ 1-20" | G45: Passed | H45: 46121 | I45: Lâm | J45: Passed | K45: 46124 | L45: Lâm
A46: FUNC-TABLE23 | B46: Nhập ký tự vào sức chứa | C46: 1. Nhập chữ (abc) 2. Nhấn "Cập Nhật" | D46: Đang mở form cập nhật bàn | E46: Không cho nhập hoặc báo lỗi | F46: Không cho nhập hoặc báo lỗi | G46: Passed | H46: 46121 | I46: Lâm | J46: Passed | K46: 46124 | L46: Lâm
A47: FUNC-TABLE24 | B47: Không chọn vị trí | C47: 1. Bỏ chọn 2. Nhấn "Cập Nhật" | D47: Danh sách vị trí đã được load | E47: Hiển thị lỗi yêu cầu chọn vị trí | F47: Hiển thị lỗi yêu cầu chọn vị trí | G47: Passed | H47: 46121 | I47: Lâm | J47: Passed | K47: 46124 | L47: Lâm
A48: FUNC-TABLE25 | B48: Trùng số bàn khi sửa | C48: 1. Nhập số bàn đã tồn tại 2. Nhấn "Cập Nhật" | D48: Đã tồn tại bàn khác trong DB với số bàn trùng | E48: Hiển thị lỗi: "Số bàn đã tồn tại" | F48: Hiển thị lỗi: "Số bàn đã tồn tại" | G48: Passed | H48: 46121 | I48: Lâm | J48: Passed | K48: 46124 | L48: Lâm
A49: FUNC-TABLE26 | B49: Kiểm tra nút "Hủy" | C49: 1. Nhấn "Hủy" | D49: Popup cập nhật bàn đang mở | E49: Đóng popup, không lưu thay đổi | F49: Đóng popup, không lưu thay đổi | G49: Passed | H49: 46121 | I49: Lâm | J49: Passed | K49: 46124 | L49: Lâm
A50: FUNC-TABLE27 | B50: Kiểm tra nút "X" | C50: 1. Nhấn icon X | D50: Popup cập nhật bàn đang mở | E50: Đóng popup | F50: Đóng popup | G50: Passed | H50: 46121 | I50: Lâm | J50: Passed | K50: 46124 | L50: Lâm
A51: FUNC-TABLE28 | B51: Kiểm tra cập nhật ghi chú | C51: 1. Nhập ghi chú 2. Cập nhật | D51: Đang mở form cập nhật bàn | E51: Ghi chú được cập nhật đúng | F51: Ghi chú được cập nhật đúng | G51: Passed | H51: 46121 | I51: Lâm | J51: Passed | K51: 46124 | L51: Lâm
A52: FUNC-TABLE29 | B52: Không thay đổi dữ liệu | C52: 1. Không sửa gì 2. Nhấn "Cập Nhật" | D52: Dữ liệu bàn đã tồn tại và không thay đổi trước khi cập nhật | E52: Không thay đổi dữ liệu hoặc vẫn báo thành công | F52: Không thay đổi dữ liệu hoặc vẫn báo thành công | G52: Passed | H52: 46121 | I52: Lâm | J52: Passed | K52: 46124 | L52: Lâm
A53: FUNC-TABLE30 | B53: Kiểm tra trạng thái sau khi cập nhật | C53: 1. Cập nhật xong 2. Quay lại danh sách | D53: Đã cập nhật thành công ít nhất 1 lần | E53: Hiển thị dữ liệu mới đúng | F53: Hiển thị dữ liệu mới đúng | G53: Passed | H53: 46121 | I53: Lâm | J53: Passed | K53: 46124 | L53: Lâm

Sheet Quét mã QR để truy cập menu
A1: Project Name | B1: XÂY DỰNG HỆ THỐNG QUẢN LÝ NHÀ HÀNG THEO MÔ HÌNH TƯƠNG TÁC SỐ ĐA KÊNH
A2: Module Code | B2: Quét mã QR để truy cập menu
B3: Hoàn thành | C3: Lỗi | D3: Chưa kiểm tra | E3: Bị chặn | F3: Tổng số trường hợp thử nghiệm
A4: Round 1 | B4: =COUNTIF(G12:G101,"Passed") -> 20 | C4: =COUNTIF(G12:G101,"Failed") -> 2 | D4: =COUNTIF(G12:G23,"Untested") -> 0 | E4: =COUNTIF(G12:G23,"Blocked") -> 0 | F4: =SUM(B4:C4) -> 22
A5: Round 2 | B5: =COUNTIF(J12:J101,"Passed") -> 20 | C5: =COUNTIF(J12:J101,"Failed") -> 2 | D5: =COUNTIF(J12:J23,"Untested") -> 0 | E5: =COUNTIF(J12:J23,"Blocked") -> 0 | F5: =SUM(B5:C5) -> 22
A8: Test Case ID | B8: Mô tả | C8: Hành động | D8: Điều kiện tiên quyết | E8: Kết quả mong đợi | F8: Kết quả thực tế | G8: Kết quả | J8: Kết quả | M8: Chú thích
G9: Vòng 1 | J9: Vòng 2
G10: Trạng thái | H10: Ngày kiểm tra | I10: Người kiểm tra | J10: Trạng thái | K10: Ngày kiểm tra | L10: Người kiểm tra
A11: GUI_SHOW – Trang Xác Thực Mã QR
A12: GUI-QR01 | B12: Màn hình loading khi đang xác thực QR | C12: 1. Người dùng quét mã QR 2. Hệ thống chuyển hướng đến trang xác thực | D12: Người dùng vừa quét mã QR hợp lệ, hệ thống đang xử lý | E12: Hiển thị vòng xoay tải dữ liệu cùng thông báo đang xác thực | F12: Hiển thị vòng xoay tải dữ liệu cùng thông báo đang xác thực | G12: Passed | H12: 46121 | I12: Nam | J12: Passed | K12: 46124 | L12: Nam
A13: GUI-QR02 | B13: Màn hình lỗi khi mã QR không hợp lệ | C13: 1. Người dùng quét mã QR sai / hết hạn | D13: Người dùng truy cập trang xác thực mà không có mã QR hợp lệ | E13: Hiển thị biểu tượng lỗi, thông báo mã QR không hợp lệ và nút quay về trang chủ | F13: Hiển thị biểu tượng lỗi, thông báo mã QR không hợp lệ và nút quay về trang chủ | G13: Passed | H13: 46121 | I13: Nam | J13: Passed | K13: 46124 | L13: Nam
A14: GUI-QR03 | B14: Nút "Về trang chủ" trên màn hình lỗi QR | C14: 1. Người dùng nhấn nút "Về trang chủ" trên màn hình lỗi | D14: Đang hiển thị màn hình lỗi mã QR | E14: Nút hiển thị rõ ràng, có màu nổi bật, trạng thái: enable | F14: Nút hiển thị rõ ràng, có màu nổi bật, trạng thái: enable | G14: Passed | H14: 46121 | I14: Nam | J14: Passed | K14: 46124 | L14: Nam
A15: GUI_SHOW – Trang Check-in Khách
A16: GUI-QR04 | B16: Header trang check-in - Logo & Số bàn | C16: 1. Người dùng quét mã QR hợp lệ 2. Hệ thống chuyển đến trang check-in | D16: Mã QR đã được xác thực thành công, đang ở trang check-in | E16: Hiển thị logo nhà hàng và số bàn tương ứng với mã QR đã quét | F16: Hiển thị logo nhà hàng và số bàn tương ứng với mã QR đã quét | G16: Passed | H16: 46121 | I16: Nam | J16: Passed | K16: 46124 | L16: Nam
A17: GUI-QR05 | B17: [Tên của bạn] Textbox | C17: 1. Người dùng truy cập trang check-in | D17: Đang ở trang check-in | E17: Text color: tối (theo giao diện), placeholder hướng dẫn nhập tên, trạng thái: enable | F17: Text color: tối (theo giao diện), placeholder hướng dẫn nhập tên, trạng thái: enable | G17: Passed | H17: 46121 | I17: Nam | J17: Passed | K17: 46124 | L17: Nam
A18: GUI-QR06 | B18: [Số điện thoại] Textbox | C18: 1. Người dùng truy cập trang check-in | D18: Đang ở trang check-in | E18: Text color: tối (theo giao diện), placeholder hướng dẫn nhập SĐT, trạng thái: enable | F18: Text color: tối (theo giao diện), placeholder hướng dẫn nhập SĐT, trạng thái: enable | G18: Passed | H18: 46121 | I18: Nam | J18: Passed | K18: 46124 | L18: Nam
A19: GUI-QR07 | B19: [Xác nhận & Xem menu] Button - chưa nhập SĐT | C19: 1. Người dùng chưa nhập số điện thoại | D19: Đang ở trang check-in, chưa nhập số điện thoại | E19: Nút bị vô hiệu hoá (mờ), không thể nhấn | F19: Nút bị vô hiệu hoá (mờ), không thể nhấn | G19: Passed | H19: 46121 | I19: Nam | J19: Passed | K19: 46124 | L19: Nam
A20: GUI-QR08 | B20: [Xác nhận & Xem menu] Button - đã nhập SĐT | C20: 1. Người dùng nhập số điện thoại hợp lệ | D20: Đã nhập số điện thoại hợp lệ | E20: Nút được kích hoạt, hiển thị màu nổi bật, có thể nhấn | F20: Nút được kích hoạt, hiển thị màu nổi bật, có thể nhấn | G20: Passed | H20: 46121 | I20: Nam | J20: Passed | K20: 46124 | L20: Nam
A21: GUI-QR09 | B21: [Bỏ qua - Xem menu ngay] Button | C21: 1. Người dùng truy cập trang check-in | D21: Đang ở trang check-in | E21: Nút hiển thị rõ ràng với chữ "Bỏ qua", trạng thái: enable | F21: Nút hiển thị rõ ràng với chữ "Bỏ qua", trạng thái: enable | G21: Passed | H21: 46121 | I21: Nam | J21: Passed | K21: 46124 | L21: Nam
A22: GUI-QR10 | B22: Khung thông tin chương trình tích điểm | C22: 1. Người dùng truy cập trang check-in | D22: Đang ở trang check-in | E22: Hiển thị thông tin giới thiệu chương trình tích điểm loyalty | F22: Hiển thị thông tin giới thiệu chương trình tích điểm loyalty | G22: Passed | H22: 46121 | I22: Nam | J22: Passed | K22: 46124 | L22: Nam
A23: GUI-QR11 | B23: Màn hình Loyalty Card dành cho khách cũ | C23: 1. Người dùng quét mã QR 2. Hệ thống nhận diện là khách đã từng check-in | D23: Khách đã từng đến nhà hàng và check-in thành công | E23: Hiển thị thẻ chào mừng kèm số điểm tích lũy, số lần ghé thăm và nút vào menu | F23: Hiển thị thẻ chào mừng kèm số điểm tích lũy, số lần ghé thăm và nút vào menu | G23: Passed | H23: 46121 | I23: Nam | J23: Passed | K23: 46124 | L23: Nam
A24: FUNCTION_SHOW – Luồng QR Và Check-in
A25: FUNC-QR01 | B25: Quét QR hợp lệ & bàn chưa có phiên đặt món | C25: 1. Dùng camera điện thoại quét mã QR trên bàn ăn | D25: Bàn đã được tạo trong hệ thống và có mã QR, chưa có đơn hàng nào đang hoạt động | E25: Hệ thống xác thực thành công, hiển thị thông báo khởi tạo phiên mới, chuyển sang trang check-in | F25: Hệ thống xác thực thành công, hiển thị thông báo khởi tạo phiên mới, chuyển sang trang check-in | G25: Passed | H25: 46121 | I25: Nam | J25: Passed | K25: 46124 | L25: Nam
A26: FUNC-QR02 | B26: Quét QR hợp lệ & bàn đang có phiên đặt món | C26: 1. Dùng camera quét mã QR của bàn đã có đơn hàng đang xử lý | D26: Bàn đã có đơn hàng đang hoạt động trong hệ thống | E26: Hệ thống xác thực thành công, hiển thị thông báo tham gia phiên hiện tại kèm số món đã gọi, chuyển sang trang check-in | F26: Hệ thống xác thực thành công, hiển thị thông báo tham gia phiên hiện tại kèm số món đã gọi, chuyển sang trang check-in | G26: Passed | H26: 46121 | I26: Nam | J26: Passed | K26: 46124 | L26: Nam
A27: FUNC-QR03 | B27: Quét QR với mã đã hết hạn hoặc bị giả mạo | C27: 1. Truy cập trang xác thực với mã token không hợp lệ | D27: Không có điều kiện đặc biệt | E27: Hệ thống hiển thị thông báo lỗi "Mã QR không hợp lệ" và nút quay về trang chủ | F27: Hệ thống hiển thị thông báo lỗi "Mã QR không hợp lệ" và nút quay về trang chủ | G27: Passed | H27: 46121 | I27: Nam | J27: Passed | K27: 46124 | L27: Nam
A28: FUNC-QR04 | B28: Truy cập trang xác thực mà không có mã QR | C28: 1. Mở trang xác thực mà không có thông tin mã QR | D28: Không có điều kiện đặc biệt | E28: Hệ thống hiển thị thông báo lỗi yêu cầu quét lại mã QR | F28: Hệ thống hiển thị thông báo lỗi yêu cầu quét lại mã QR | G28: Passed | H28: 46121 | I28: Nam | J28: Passed | K28: 46124 | L28: Nam
A29: FUNC-QR05 | B29: Check-in với số điện thoại mới (khách lần đầu) | C29: 1. Nhập tên (tuỳ chọn) và số điện thoại lần đầu sử dụng 2. Nhấn "Xác nhận & Xem menu" | D29: Mã QR đã được xác thực, đang ở trang check-in | E29: Hệ thống thông báo chào mừng và tạo tài khoản tích điểm mới, sau đó chuyển đến trang menu | F29: Hệ thống thông báo chào mừng và tạo tài khoản tích điểm mới, sau đó chuyển đến trang menu | G29: Passed | H29: 46121 | I29: Nam | J29: Passed | K29: 46124 | L29: Nam
A30: FUNC-QR06 | B30: Check-in với số điện thoại đã có trong hệ thống (khách cũ) | C30: 1. Nhập số điện thoại đã từng sử dụng 2. Nhấn "Xác nhận & Xem menu" | D30: Khách đã có tài khoản tích điểm trong hệ thống | E30: Hệ thống nhận ra khách cũ, hiển thị thẻ Loyalty Card với điểm tích lũy và số lần ghé thăm | F30: Hệ thống nhận ra khách cũ, hiển thị thẻ Loyalty Card với điểm tích lũy và số lần ghé thăm | G30: Failed | H30: 46121 | I30: Nam | J30: Failed | K30: 46124 | L30: Nam
A31: FUNC-QR07 | B31: Nhấn "Xác nhận" khi chưa nhập số điện thoại | C31: 1. Chỉ nhập tên, để trống số điện thoại 2. Nhấn nút xác nhận | D31: Đang ở trang check-in | E31: Hệ thống không cho phép gửi form, hiển thị thông báo yêu cầu nhập số điện thoại hợp lệ | F31: Hệ thống không cho phép gửi form, hiển thị thông báo yêu cầu nhập số điện thoại hợp lệ | G31: Passed | H31: 46121 | I31: Nam | J31: Passed | K31: 46124 | L31: Nam
A32: FUNC-QR08 | B32: Check-in với số điện thoại không hợp lệ | C32: 1. Nhập số điện thoại quá ngắn (dưới 9 ký tự) 2. Nhấn "Xác nhận & Xem menu" | D32: Đang ở trang check-in | E32: Hệ thống hiển thị thông báo lỗi yêu cầu nhập số điện thoại hợp lệ, không chuyển trang | F32: Hệ thống hiển thị thông báo lỗi yêu cầu nhập số điện thoại hợp lệ, không chuyển trang | G32: Passed | H32: 46121 | I32: Nam | J32: Passed | K32: 46124 | L32: Nam
A33: FUNC-QR09 | B33: Bỏ qua check-in & vào menu với tư cách khách | C33: 1. Nhấn nút "Bỏ qua - Xem menu ngay" | D33: Đang ở trang check-in | E33: Hệ thống ghi nhận phiên dưới dạng khách vãng lai và chuyển thẳng đến trang menu | F33: Hệ thống ghi nhận phiên dưới dạng khách vãng lai và chuyển thẳng đến trang menu | G33: Passed | H33: 46121 | I33: Nam | J33: Passed | K33: 46124 | L33: Nam
A34: FUNC-QR10 | B34: Từ màn hình Loyalty Card nhấn "Vào Menu ngay" | C34: 1. Sau khi thẻ Loyalty Card hiển thị 2. Nhấn nút "Vào Menu ngay" | D34: Hệ thống đã nhận diện khách cũ và hiển thị thẻ Loyalty | E34: Hệ thống chuyển hướng đến trang menu thành công | F34: Hệ thống chuyển hướng đến trang menu thành công | G34: Failed | H34: 46121 | I34: Nam | J34: Failed | K34: 46124 | L34: Nam
A35: FUNC-QR11 | B35: Nhấn "Về trang chủ" trên màn hình lỗi QR | C35: 1. Đang ở màn hình thông báo lỗi mã QR 2. Nhấn nút "Về trang chủ" | D35: Mã QR không hợp lệ, hệ thống đang hiển thị màn hình lỗi | E35: Hệ thống chuyển người dùng về trang chủ | F35: Hệ thống chuyển người dùng về trang chủ | G35: Passed | H35: 46121 | I35: Nam | J35: Passed | K35: 46124 | L35: Nam

Sheet Xem menu tại bàn
A1: Project Name | B1: XÂY DỰNG HỆ THỐNG QUẢN LÝ NHÀ HÀNG THEO MÔ HÌNH TƯƠNG TÁC SỐ ĐA KÊNH
A2: Module Code | B2: Xem menu tại bàn
B3: Hoàn thành | C3: Lỗi | D3: Chưa kiểm tra | E3: Bị chặn | F3: Tổng số trường hợp thử nghiệm
A4: Round 1 | B4: =COUNTIF(G12:G96,"Passed") -> 18 | C4: =COUNTIF(G12:G96,"Failed") -> 0 | D4: =COUNTIF(G12:G20,"Untested") -> 0 | E4: =COUNTIF(G12:G20,"Blocked") -> 0 | F4: =SUM(B4:C4) -> 18
A5: Round 2 | B5: =COUNTIF(J12:J96,"Passed") -> 18 | C5: =COUNTIF(J12:J96,"Failed") -> 0 | D5: =COUNTIF(J12:J20,"Untested") -> 0 | E5: =COUNTIF(J12:J20,"Blocked") -> 0 | F5: =SUM(B5:C5) -> 18
A8: Test Case ID | B8: Mô tả | C8: Hành động | D8: Điều kiện tiên quyết | E8: Kết quả mong đợi | F8: Kết quả thực tế | G8: Kết quả | J8: Kết quả | M8: Chú thích
G9: Vòng 1 | J9: Vòng 2
G10: Trạng thái | H10: Ngày kiểm tra | I10: Người kiểm tra | J10: Trạng thái | K10: Ngày kiểm tra | L10: Người kiểm tra
A11: GUI_SHOW - Xem menu tại bàn
A12: GUI-MENU01 | B12: Kiểm tra hiển thị thông tin bàn khi khách hàng truy cập menu | C12: 1. Khách hàng quét mã QR tại bàn hoặc chọn bàn từ danh sách 2. Hệ thống chuyển hướng đến trang menu 3. Quan sát phần header hiển thị thông tin bàn | D12: Khách hàng đã truy cập vào menu từ QR hoặc chọn bàn Hệ thống đã xác định được thông tin bàn | E12: 1. Hiển thị mã bàn (ví dụ: "VIP-06") 2. Hiển thị vị trí bàn (ví dụ: "Tầng 2") | F12: 1. Hiển thị mã bàn (ví dụ: "VIP-06") 2. Hiển thị vị trí bàn (ví dụ: "Tầng 2") | G12: Passed | H12: 46121 | I12: Lâm | J12: Passed | K12: 46124 | L12: Lâm
A13: GUI-MENU02 | B13: Kiểm tra hiển thị thanh danh mục (tabs) để phân loại món ăn | C13: 1. Khách hàng truy cập trang menu 2. Quan sát thanh danh mục nằm phía trên danh sách món 3. Kiểm tra các tab danh mục hiển thị | D13: Menu đã load thành công Có dữ liệu danh mục món ăn trong hệ thống | E13: Hiển thị đầy đủ các tab danh mục (ví dụ: Đồ uống, Topping, Rau, Món chính...) | F13: Hiển thị đầy đủ các tab danh mục (ví dụ: Đồ uống, Topping, Rau, Món chính...) | G13: Passed | H13: 46121 | I13: Lâm | J13: Passed | K13: 46124 | L13: Lâm
A14: GUI-MENU03 | B14: Tab danh mục đang được chọn | C14: 1. Khách hàng truy cập trang menu 2. Quan sát tab danh mục mặc định được chọn 3. Nhấn vào tab danh mục khác 4. Quan sát sự thay đổi trạng thái active | D14: Menu đã load thành công Có nhiều danh mục món ăn | E14: 1. Tab đang được chọn có hiệu ứng highlight (màu sắc, border, hoặc background khác biệt) 2. Chỉ có một tab được highlight tại một thời điểm 3. Hiệu ứng chuyển đổi mượt mà | F14: 1. Tab đang được chọn có hiệu ứng highlight (màu sắc, border, hoặc background khác biệt) 2. Chỉ có một tab được highlight tại một thời điểm 3. Hiệu ứng chuyển đổi mượt mà | G14: Passed | H14: 46121 | I14: Lâm | J14: Passed | K14: 46124 | L14: Lâm
A15: GUI-MENU04 | B15: Kiểm tra hiển thị thông tin cơ bản của món ăn trong card | C15: 1. Khách hàng truy cập trang menu 2. Quan sát các card sản phẩm trong danh sách 3. Kiểm tra các thông tin hiển thị trên mỗi card | D15: Danh sách sản phẩm đã load từ database Có ít nhất một món ăn trong danh mục | E15: 1. Mỗi card hiển thị ảnh món ăn rõ nét 2. Hiển thị tên món ăn đầy đủ 3. Hiển thị giá món ăn | F15: 1. Mỗi card hiển thị ảnh món ăn rõ nét 2. Hiển thị tên món ăn đầy đủ 3. Hiển thị giá món ăn | G15: Passed | H15: 46121 | I15: Lâm | J15: Passed | K15: 46124 | L15: Lâm
A16: GUI-MENU05 | B16: Kiểm tra định dạng hiển thị giá tiền của món ăn | C16: 1. Khách hàng truy cập trang menu 2. Quan sát giá của các món ăn trong danh sách 3. Kiểm tra format hiển thị giá | D16: Dữ liệu giá sản phẩm đã có trong database Món ăn đã được hiển thị trong menu | E16: Giá hiển thị đúng định dạng tiền tệ Việt Nam (ví dụ: 49.000đ hoặc 49,000đ) | F16: Giá hiển thị đúng định dạng tiền tệ Việt Nam (ví dụ: 49.000đ hoặc 49,000đ) | G16: Passed | H16: 46121 | I16: Lâm | J16: Passed | K16: 46124 | L16: Lâm
A17: GUI-MENU06 | B17: Kiểm tra hiển thị nút thêm món vào giỏ hàng | C17: 1. Khách hàng truy cập trang menu 2. Quan sát các card sản phẩm 3. Kiểm tra nút "+ Thêm" trên mỗi card | D17: Menu đã hiển thị sản phẩm Món ăn đang ở trạng thái có thể đặt | E17: Nút "+ Thêm" hiển thị rõ ràng trên mỗi card | F17: Nút "+ Thêm" hiển thị rõ ràng trên mỗi card | G17: Passed | H17: 46121 | I17: Lâm | J17: Passed | K17: 46124 | L17: Lâm
A18: GUI-MENU07 | B18: Kiểm tra hiển thị icon giỏ hàng và số lượng món đã chọn | C18: 1. Khách hàng truy cập trang menu 2. Thêm ít nhất một món vào giỏ hàng 3. Quan sát góc phải màn hình (hoặc vị trí cố định của icon giỏ hàng) | D18: Đã có ít nhất một sản phẩm trong giỏ hàng Chức năng giỏ hàng đang hoạt động | E18: 1. Hiển thị icon giỏ hàng (cart icon) 2. Hiển thị badge số lượng món trong giỏ 3. Số lượng cập nhật chính xác khi thêm/bớt món | F18: 1. Hiển thị icon giỏ hàng (cart icon) 2. Hiển thị badge số lượng món trong giỏ 3. Số lượng cập nhật chính xác khi thêm/bớt món | G18: Passed | H18: 46121 | I18: Lâm | J18: Passed | K18: 46124 | L18: Lâm
A19: GUI-MENU08 | B19: Kiểm tra hiển thị icon để xem danh sách món dạng list | C19: 1. Khách hàng truy cập trang menu 2. Quan sát thanh công cụ hoặc header 3. Kiểm tra icon menu/list | D19: Menu đã load thành công | E19: Hiển thị icon danh sách (list icon) | F19: Hiển thị icon danh sách (list icon) | G19: Passed | H19: 46121 | I19: Lâm | J19: Passed | K19: 46124 | L19: Lâm
A20: GUI-MENU09 | B20: Icon đăng xuất | C20: 1. Khách hàng đăng nhập vào hệ thống 2. Truy cập trang menu 3. Quan sát thanh công cụ hoặc menu người dùng | D20: Khách hàng đã đăng nhập vào hệ thống Đang ở trang menu | E20: Hiển thị icon đăng xuất (logout icon) | F20: Hiển thị icon đăng xuất (logout icon) | G20: Passed | H20: 46121 | I20: Lâm | J20: Passed | K20: 46124 | L20: Lâm
A21: FUNCTION_SHOW - Xem menu tại bàn
A22: FUN-MENU01 | B22: Kiểm tra chức năng tải danh sách món ăn từ database | C22: 1. Khách hàng truy cập trang menu 2. Hệ thống gửi request lấy dữ liệu món ăn từ database | D22: Hệ thống hoạt động bình thường Có dữ liệu món ăn trong database | E22: 1. Hiển thị loading indicator trong lúc tải dữ liệu 2. Danh sách món ăn được load thành công từ database 3. Hiển thị đầy đủ thông tin món ăn (tên, giá, ảnh) | F22: 1. Hiển thị loading indicator trong lúc tải dữ liệu 2. Danh sách món ăn được load thành công từ database 3. Hiển thị đầy đủ thông tin món ăn (tên, giá, ảnh) | G22: Passed | H22: 46121 | I22: Lâm | J22: Passed | K22: 46124 | L22: Lâm
A23: FUN-MENU02 | B23: Kiểm tra chức năng lọc món ăn theo danh mục | C23: 1. Khách hàng truy cập trang menu 2. Quan sát danh sách món ở danh mục mặc định 3. Nhấn vào tab danh mục khác (ví dụ: "Topping") | D23: Danh sách danh mục đã được load Có món ăn thuộc nhiều danh mục khác nhau | E23: 1. Danh sách món ăn được lọc theo danh mục đã chọn 2. Chỉ hiển thị món thuộc danh mục được chọn | F23: 1. Danh sách món ăn được lọc theo danh mục đã chọn 2. Chỉ hiển thị món thuộc danh mục được chọn | G23: Passed | H23: 46121 | I23: Lâm | J23: Passed | K23: 46124 | L23: Lâm
A24: FUN-MENU03 | B24: Kiểm tra chức năng thêm món ăn vào giỏ hàng | C24: 1. Khách hàng truy cập trang menu 2. Chọn một món ăn trong danh sách 3. Nhấn nút "+ Thêm" | D24: Menu đã hiển thị danh sách món Có ít nhất một món trong danh sách | E24: Món được thêm vào giỏ hàng thành công | F24: Món được thêm vào giỏ hàng thành công | G24: Passed | H24: 46121 | I24: Lâm | J24: Passed | K24: 46124 | L24: Lâm
A25: FUN-MENU04 | B25: Kiểm tra cập nhật số lượng khi thêm cùng món nhiều lần | C25: 1. Khách hàng truy cập trang menu 2. Chọn một món ăn 3. Nhấn nút "+ Thêm" nhiều lần liên tiếp | D25: Menu đã hiển thị Có thể thêm món vào giỏ | E25: 1. Số lượng món trong giỏ tăng đúng sau mỗi lần nhấn 2. Badge trên icon giỏ hàng cập nhật chính xác | F25: 1. Số lượng món trong giỏ tăng đúng sau mỗi lần nhấn 2. Badge trên icon giỏ hàng cập nhật chính xác | G25: Passed | H25: 46121 | I25: Lâm | J25: Passed | K25: 46124 | L25: Lâm
A26: FUN-MENU05 | B26: Kiểm tra chức năng mở và xem chi tiết giỏ hàng | C26: 1. Khách hàng thêm ít nhất một món vào giỏ hàng 2. Nhấn vào icon giỏ hàng | D26: Menu đã có ít nhất một món được thêm vào giỏ | E26: 1. Hiển thị danh sách món đã chọn 2. Hiển thị số lượng và giá của từng món 3. Hiển thị tổng tiền chính xác | F26: 1. Hiển thị danh sách món đã chọn 2. Hiển thị số lượng và giá của từng món 3. Hiển thị tổng tiền chính xác | G26: Passed | H26: 46121 | I26: Lâm | J26: Passed | K26: 46124 | L26: Lâm
A27: FUN-MENU06 | B27: Kiểm tra tính chính xác của giá món hiển thị so với database | C27: 1. Khách hàng truy cập trang menu 2. Quan sát giá của các món ăn 3. So sánh với dữ liệu giá trong database | D27: Dữ liệu giá món đã được lưu trong database | E27: Giá hiển thị khớp 100% với dữ liệu trong database | F27: Giá hiển thị khớp 100% với dữ liệu trong database | G27: Passed | H27: 46121 | I27: Lâm | J27: Passed | K27: 46124 | L27: Lâm
A28: FUN-MENU07 | B28: Scroll danh sách món ăn | C28: 1. Khách hàng truy cập trang menu có nhiều món 2. Kéo xuống (scroll down) để xem thêm món | D28: Danh sách món đủ dài để có thể scroll Có nhiều món ăn trong database | E28: Load thêm món khi scroll đến cuối (nếu có pagination/lazy loading) | F28: Load thêm món khi scroll đến cuối (nếu có pagination/lazy loading) | G28: Passed | H28: 46121 | I28: Lâm | J28: Passed | K28: 46124 | L28: Lâm
A29: FUN-MENU08 | B29: Kiểm tra chức năng thêm nhiều món khác nhau vào giỏ hàng | C29: 1. Khách hàng truy cập trang menu 2. Chọn món thứ nhất và nhấn "+ Thêm" 3. Chọn món thứ hai (khác món thứ nhất) và nhấn "+ Thêm" | D29: Menu đã hiển thị Có nhiều món khác nhau trong danh sách | E29: 1. Tất cả các món được thêm vào giỏ hàng 2. Giỏ hàng lưu đủ tất cả các món đã chọn 3. Mỗi món hiển thị đúng thông tin (tên, giá, số lượng) 4. Tổng tiền được tính chính xác | F29: 1. Tất cả các món được thêm vào giỏ hàng 2. Giỏ hàng lưu đủ tất cả các món đã chọn 3. Mỗi món hiển thị đúng thông tin (tên, giá, số lượng) 4. Tổng tiền được tính chính xác | G29: Passed | H29: 46121 | I29: Lâm | J29: Passed | K29: 46124 | L29: Lâm
A30: FUN-MENU09 | B30: Kiểm tra chức năng load menu dựa trên thông tin bàn từ QR code | C30: 1. Khách hàng quét mã QR tại bàn cụ thể (ví dụ: VIP-06) 2. Hệ thống xác định thông tin bàn từ QR 3. Chuyển hướng đến trang menu 4. Quan sát thông tin bàn hiển thị | D30: QR code bàn hợp lệ và đã được tạo trong hệ thống Hệ thống hỗ trợ load menu theo bàn Bàn tồn tại trong database | E30: 1. Hệ thống xác định đúng bàn từ QR code 2. Hiển thị đúng thông tin bàn (mã bàn, vị trí) 3. Menu được load thành công cho bàn đó 4. Session gọi món được liên kết với bàn chính xác | F30: 1. Hệ thống xác định đúng bàn từ QR code 2. Hiển thị đúng thông tin bàn (mã bàn, vị trí) 3. Menu được load thành công cho bàn đó 4. Session gọi món được liên kết với bàn chính xác | G30: Passed | H30: 46121 | I30: Lâm | J30: Passed | K30: 46124 | L30: Lâm

Sheet Gọi món tại bàn
A1: Project Name | B1: XÂY DỰNG HỆ THỐNG QUẢN LÝ NHÀ HÀNG THEO MÔ HÌNH TƯƠNG TÁC SỐ ĐA KÊNH
A2: Module Code | B2: Gọi món tại bàn
B3: Hoàn thành | C3: Lỗi | D3: Chưa kiểm tra | E3: Bị chặn | F3: Tổng số trường hợp thử nghiệm
A4: Round 1 | B4: =COUNTIF(G12:G101,"Passed") -> 18 | C4: =COUNTIF(G12:G101,"Failed") -> 0 | D4: =COUNTIF(G12:G18,"Untested") -> 0 | E4: =COUNTIF(G12:G18,"Blocked") -> 0 | F4: =SUM(B4:C4) -> 18
A5: Round 2 | B5: =COUNTIF(J12:J101,"Passed") -> 18 | C5: =COUNTIF(J12:J101,"Failed") -> 0 | D5: =COUNTIF(J12:J18,"Untested") -> 0 | E5: =COUNTIF(J12:J18,"Blocked") -> 0 | F5: =SUM(B5:C5) -> 18
A8: Test Case ID | B8: Mô tả | C8: Hành động | D8: Điều kiện tiên quyết | E8: Kết quả mong đợi | F8: Kết quả thực tế | G8: Kết quả | J8: Kết quả | M8: Chú thích
G9: Vòng 1 | J9: Vòng 2
G10: Trạng thái | H10: Ngày kiểm tra | I10: Người kiểm tra | J10: Trạng thái | K10: Ngày kiểm tra | L10: Người kiểm tra
A11: GUI_SHOW - Trang Menu Gọi Món
A12: GUI-GM01 | B12: Thẻ món ăn - hiển thị đầy đủ thông tin | C12: 1. Người dùng truy cập trang menu | D12: Khách đã vào trang menu, có ít nhất một món trong hệ thống | E12: Mỗi thẻ món hiển thị ảnh, tên, giá và nút "Thêm" | F12: Mỗi thẻ món hiển thị ảnh, tên, giá và nút "Thêm" | G12: Passed | H12: 46122 | I12: Nam | J12: Passed | K12: 46124 | L12: Nam
A13: GUI-GM02 | B13: Thẻ món ăn - món hết hàng | C13: 1. Người dùng truy cập trang menu | D13: Có ít nhất một món ăn ở trạng thái hết hàng trong hệ thống | E13: Món hết hàng hiển thị nhãn "Hết hàng" phủ lên ảnh, nút "Thêm" bị vô hiệu hoá | F13: Món hết hàng hiển thị nhãn "Hết hàng" phủ lên ảnh, nút "Thêm" bị vô hiệu hoá | G13: Passed | H13: 46122 | I13: Nam | J13: Passed | K13: 46124 | L13: Nam
A14: GUI-GM03 | B14: Nút [Giỏ hàng] trên thanh tiêu đề | C14: 1. Người dùng truy cập trang menu | D14: Đang ở trang menu | E14: Nút giỏ hàng hiển thị trên thanh tiêu đề, trạng thái: enable | F14: Nút giỏ hàng hiển thị trên thanh tiêu đề, trạng thái: enable | G14: Passed | H14: 46122 | I14: Nam | J14: Passed | K14: 46124 | L14: Nam
A15: GUI-GM04 | B15: Badge số lượng trên nút giỏ hàng | C15: 1. Người dùng thêm ít nhất một món vào giỏ | D15: Đã thêm ít nhất một món vào giỏ | E15: Hiển thị số lượng món đang chọn trên biểu tượng giỏ hàng | F15: Hiển thị số lượng món đang chọn trên biểu tượng giỏ hàng | G15: Passed | H15: 46122 | I15: Nam | J15: Passed | K15: 46124 | L15: Nam
A16: GUI-GM05 | B16: Giỏ hàng rỗng | C16: 1. Người dùng mở giỏ hàng khi chưa thêm món nào | D16: Chưa thêm món nào vào giỏ, mở giỏ hàng | E16: Hiển thị thông báo "Chưa chọn món nào" | F16: Hiển thị thông báo "Chưa chọn món nào" | G16: Passed | H16: 46122 | I16: Nam | J16: Passed | K16: 46124 | L16: Nam
A17: GUI-GM06 | B17: Panel giỏ hàng (danh sách món) | C17: 1. Người dùng thêm món vào giỏ 2. Mở giỏ hàng | D17: Đã thêm ít nhất một món, mở giỏ hàng | E17: Hiển thị danh sách món đã chọn với ảnh, tên, giá, số lượng và nút xoá | F17: Hiển thị danh sách món đã chọn với ảnh, tên, giá, số lượng và nút xoá | G17: Passed | H17: 46122 | I17: Nam | J17: Passed | K17: 46124 | L17: Nam
A18: GUI-GM07 | B18: Panel giỏ hàng (tổng tiền) | C18: 1. Người dùng thay đổi số lượng món trong giỏ hàng | D18: Đang mở giỏ hàng, có ít nhất một món | E18: Hiển thị tổng tiền của các món đã chọn, được cập nhật khi thay đổi số lượng | F18: Hiển thị tổng tiền của các món đã chọn, được cập nhật khi thay đổi số lượng | G18: Passed | H18: 46122 | I18: Nam | J18: Passed | K18: 46124 | L18: Nam
A19: FUNCTION_SHOW - Chức Năng Gọi Món
A20: FUNC-GM01 | B20: Thêm món còn hàng vào giỏ | C20: 1. Chọn một món ăn còn khả dụng trong menu 2. Nhấn nút "Thêm" | D20: Khách đã vào trang menu qua QR, món cần thêm đang ở trạng thái có sẵn | E20: Hệ thống hiển thị thông báo "Đã thêm [tên món] vào giỏ hàng", số lượng trên biểu tượng giỏ tăng lên 1 | F20: Hệ thống hiển thị thông báo "Đã thêm [tên món] vào giỏ hàng", số lượng trên biểu tượng giỏ tăng lên 1 | G20: Passed | H20: 46122 | I20: Nam | J20: Passed | K20: 46124 | L20: Nam
A21: FUNC-GM02 | B21: Thêm món đã có trong giỏ hàng | C21: 1. Nhấn "Thêm" đối với một món ăn đã có trong giỏ hàng | D21: Món ăn đã tồn tại trong giỏ hàng | E21: Hệ thống cộng dồn số lượng thay vì tạo dòng mới, tổng tiền được cập nhật tương ứng | F21: Hệ thống cộng dồn số lượng thay vì tạo dòng mới, tổng tiền được cập nhật tương ứng | G21: Passed | H21: 46122 | I21: Nam | J21: Passed | K21: 46124 | L21: Nam
A22: FUNC-GM03 | B22: Thêm món hết hàng vào giỏ | C22: 1. Nhấn nút "Thêm" trên thẻ món đang hiển thị "Hết hàng" | D22: Có ít nhất một món ở trạng thái hết hàng trong menu | E22: Nút "Thêm" bị vô hiệu hoá, hệ thống không cho phép thêm món, hiển thị thông báo món không khả dụng | F22: Nút "Thêm" bị vô hiệu hoá, hệ thống không cho phép thêm món, hiển thị thông báo món không khả dụng | G22: Passed | H22: 46122 | I22: Nam | J22: Passed | K22: 46124 | L22: Nam
A23: FUNC-GM04 | B23: Vượt quá số lượng tồn kho khi nhấn nút "+" | C23: 1. Thêm một món có giới hạn tồn kho vào giỏ 2. Nhấn "+" liên tục cho đến khi vượt số lượng tồn kho | D23: Món ăn có tồn kho giới hạn đã được thêm vào giỏ | E23: Hệ thống hiển thị thông báo "Chỉ còn [X] suất [tên món]", số lượng không tăng thêm | F23: Hệ thống hiển thị thông báo "Chỉ còn [X] suất [tên món]", số lượng không tăng thêm | G23: Passed | H23: 46122 | I23: Nam | J23: Passed | K23: 46124 | L23: Nam
A24: FUNC-GM05 | B24: Nhập trực tiếp số lượng vượt tồn kho | C24: 1. Mở giỏ hàng 2. Nhập số lượng lớn hơn tồn kho vào ô nhập liệu 3. Nhấn ra ngoài ô nhập liệu | D24: Món ăn có tồn kho giới hạn đã có trong giỏ | E24: Hệ thống hiển thị thông báo vượt số lượng, ô nhập liệu trả về giá trị hợp lệ trước đó | F24: Hệ thống hiển thị thông báo vượt số lượng, ô nhập liệu trả về giá trị hợp lệ trước đó | G24: Passed | H24: 46122 | I24: Nam | J24: Passed | K24: 46124 | L24: Nam
A25: FUNC-GM06 | B25: Nhập số lượng không hợp lệ | C25: 1. Mở giỏ hàng 2. Xoá nội dung ô số lượng, nhập giá trị âm hoặc ký tự không phải số 3. Nhấn ra ngoài ô nhập liệu | D25: Món ăn đã có trong giỏ | E25: Hệ thống tự động khôi phục về số lượng hợp lệ trước đó | F25: Hệ thống tự động khôi phục về số lượng hợp lệ trước đó | G25: Passed | H25: 46122 | I25: Nam | J25: Passed | K25: 46124 | L25: Nam
A26: FUNC-GM07 | B26: Tăng số lượng bằng nút "+" | C26: 1. Mở giỏ hàng 2. Nhấn nút "+" trên một món đang trong giỏ | D26: Có ít nhất một món trong giỏ | E26: Số lượng tăng thêm 1, tổng tiền được cập nhật tương ứng | F26: Số lượng tăng thêm 1, tổng tiền được cập nhật tương ứng | G26: Passed | H26: 46122 | I26: Nam | J26: Passed | K26: 46124 | L26: Nam
A27: FUNC-GM08 | B27: Giảm số lượng bằng nút "−" | C27: 1. Mở giỏ hàng 2. Nhấn nút "−" trên một món đang trong giỏ | D27: Có món trong giỏ với số lượng lớn hơn 1 | E27: Số lượng giảm đi 1, tổng tiền được cập nhật tương ứng | F27: Số lượng giảm đi 1, tổng tiền được cập nhật tương ứng | G27: Passed | H27: 46122 | I27: Nam | J27: Passed | K27: 46124 | L27: Nam
A28: FUNC-GM09 | B28: Giảm số lượng về 1 (không thể giảm thêm) | C28: 1. Mở giỏ hàng 2. Nhấn nút "−" khi số lượng đang là 1 | D28: Có món trong giỏ với số lượng bằng 1 | E28: Số lượng giữ nguyên là 1, không giảm về 0 | F28: Số lượng giữ nguyên là 1, không giảm về 0 | G28: Passed | H28: 46122 | I28: Nam | J28: Passed | K28: 46124 | L28: Nam
A29: FUNC-GM10 | B29: Xoá món khỏi giỏ hàng | C29: 1. Mở giỏ hàng 2. Nhấn nút xoá trên một món | D29: Có ít nhất một món trong giỏ | E29: Món bị xoá khỏi danh sách, tổng tiền và badge số lượng được cập nhật lại | F29: Món bị xoá khỏi danh sách, tổng tiền và badge số lượng được cập nhật lại | G29: Passed | H29: 46122 | I29: Nam | J29: Passed | K29: 46124 | L29: Nam
A30: FUNC-GM11 | B30: Đóng panel giỏ hàng | C30: 1. Mở giỏ hàng 2. Nhấn nút "×" hoặc nhấn ra ngoài panel | D30: Giỏ hàng đang mở | E30: Panel giỏ hàng đóng lại, các món đã chọn vẫn được giữ nguyên | F30: Panel giỏ hàng đóng lại, các món đã chọn vẫn được giữ nguyên | G30: Passed | H30: 46122 | I30: Nam | J30: Passed | K30: 46124 | L30: Nam

Sheet Xem danh sách món đã gọi
A1: Project Name | B1: XÂY DỰNG HỆ THỐNG QUẢN LÝ NHÀ HÀNG THEO MÔ HÌNH TƯƠNG TÁC SỐ ĐA KÊNH
A2: Module Code | B2: Xem danh sách món đã gọi
B3: Hoàn thành | C3: Lỗi | D3: Chưa kiểm tra | E3: Bị chặn | F3: Tổng số trường hợp thử nghiệm
A4: Round 1 | B4: =COUNTIF(G12:G101,"Passed") -> 18 | C4: =COUNTIF(G12:G101,"Failed") -> 0 | D4: =COUNTIF(G12:G20,"Untested") -> 0 | E4: =COUNTIF(G12:G20,"Blocked") -> 0 | F4: =SUM(B4:C4) -> 18
A5: Round 2 | B5: =COUNTIF(J12:J101,"Passed") -> 18 | C5: =COUNTIF(J12:J101,"Failed") -> 0 | D5: =COUNTIF(J12:J20,"Untested") -> 0 | E5: =COUNTIF(J12:J20,"Blocked") -> 0 | F5: =SUM(B5:C5) -> 18
A8: Test Case ID | B8: Mô tả | C8: Hành động | D8: Điều kiện tiên quyết | E8: Kết quả mong đợi | F8: Kết quả thực tế | G8: Kết quả | J8: Kết quả | M8: Chú thích
G9: Vòng 1 | J9: Vòng 2
G10: Trạng thái | H10: Ngày kiểm tra | I10: Người kiểm tra | J10: Trạng thái | K10: Ngày kiểm tra | L10: Người kiểm tra
A11: GUI_SHOW - Xem danh sách món đã gọi
A12: GUI-CART01 | B12: Tiêu đề "Món đã chọn" | C12: 1. Khách hàng thêm ít nhất một món vào giỏ hàng 2. Nhấn vào icon giỏ hàng để mở popup/modal | D12: Khách hàng đã thêm món vào giỏ hàng | E12: 1. Hiển thị tiêu đề "Món đã chọn" hoặc "Giỏ hàng" 2. Hiển thị số lượng món trong ngoặc (ví dụ: "Món đã chọn (3)") 3. Số lượng cập nhật chính xác theo tổng số món trong giỏ | F12: 1. Hiển thị tiêu đề "Món đã chọn" hoặc "Giỏ hàng" 2. Hiển thị số lượng món trong ngoặc (ví dụ: "Món đã chọn (3)") 3. Số lượng cập nhật chính xác theo tổng số món trong giỏ | G12: Passed | H12: 46122 | I12: Lâm | J12: Passed | K12: 46124 | L12: Lâm
A13: GUI-CART02 | B13: Danh sách món trong giỏ | C13: Khách hàng thêm nhiều món khác nhau vào giỏ hàng | D13: Đã thêm ít nhất một món vào giỏ hàng | E13: 1. Hiển thị danh sách đầy đủ các món đã thêm 2. Các món được sắp xếp theo thứ tự thêm vào | F13: 1. Hiển thị danh sách đầy đủ các món đã thêm 2. Các món được sắp xếp theo thứ tự thêm vào | G13: Passed | H13: 46122 | I13: Lâm | J13: Passed | K13: 46124 | L13: Lâm
A14: GUI-CART03 | B14: Thông tin chi tiết món | C14: 1. Khách hàng thêm món vào giỏ hàng 2. Mở giỏ hàng | D14: Đã thêm món vào giỏ hàng | E14: 1. Hiển thị ảnh món ăn rõ nét 2. Hiển thị tên món ăn đầy đủ 3. Hiển thị giá món ăn đúng định dạng | F14: 1. Hiển thị ảnh món ăn rõ nét 2. Hiển thị tên món ăn đầy đủ 3. Hiển thị giá món ăn đúng định dạng | G14: Passed | H14: 46122 | I14: Lâm | J14: Passed | K14: 46124 | L14: Lâm
A15: GUI-CART04 | B15: Nút tăng/giảm số lượng | C15: 1. Khách hàng thêm món vào giỏ hàng 2. Mở giỏ hàng | D15: Đã thêm món vào giỏ hàng | E15: 1. Hiển thị nút "+" (tăng số lượng) 2. Hiển thị nút "-" (giảm số lượng) | F15: 1. Hiển thị nút "+" (tăng số lượng) 2. Hiển thị nút "-" (giảm số lượng) | G15: Passed | H15: 46122 | I15: Lâm | J15: Passed | K15: 46124 | L15: Lâm
A16: GUI-CART05 | B16: Hiển thị số lượng | C16: 1. Khách hàng thêm món vào giỏ hàng 2. Mở giỏ hàng | D16: Đã thêm món vào giỏ hàng | E16: 1. Số lượng hiển thị chính xác cho từng món 2. Số lượng nằm giữa nút "+" và "-" | F16: 1. Số lượng hiển thị chính xác cho từng món 2. Số lượng nằm giữa nút "+" và "-" | G16: Passed | H16: 46122 | I16: Lâm | J16: Passed | K16: 46124 | L16: Lâm
A17: GUI-CART06 | B17: Icon xóa | C17: 1. Khách hàng thêm món vào giỏ hàng 2. Mở giỏ hàng | D17: Đã thêm món vào giỏ hàng | E17: Hiển thị icon delete/trash/remove trên mỗi món | F17: Hiển thị icon delete/trash/remove trên mỗi món | G17: Passed | H17: 46122 | I17: Lâm | J17: Passed | K17: 46124 | L17: Lâm
A18: GUI-CART07 | B18: Tổng tiền | C18: 1. Khách hàng thêm món vào giỏ hàng 2. Mở giỏ hàng | D18: Đã thêm món vào giỏ hàng | E18: 1. Hiển thị label "Tổng:" hoặc "Tổng tiền:" 2. Hiển thị số tiền đúng định dạng (ví dụ: "Tổng: 150.000đ") 3. Tổng tiền được tính chính xác (giá × số lượng của tất cả món) | F18: 1. Hiển thị label "Tổng:" hoặc "Tổng tiền:" 2. Hiển thị số tiền đúng định dạng (ví dụ: "Tổng: 150.000đ") 3. Tổng tiền được tính chính xác (giá × số lượng của tất cả món) | G18: Passed | H18: 46122 | I18: Lâm | J18: Passed | K18: 46124 | L18: Lâm
A19: GUI-CART08 | B19: Nút "Gọi món ngay" | C19: 1. Khách hàng thêm món vào giỏ hàng 2. Mở giỏ hàng | D19: Đã thêm món vào giỏ hàng | E19: Hiển thị nút "Gọi món ngay" hoặc "Xác nhận" | F19: Hiển thị nút "Gọi món ngay" hoặc "Xác nhận" | G19: Passed | H19: 46122 | I19: Lâm | J19: Passed | K19: 46124 | L19: Lâm
A20: GUI-CART09 | B20: Nút đóng giỏ hàng | C20: 1. Khách hàng mở giỏ hàng 2. Tìm icon hoặc nút đóng (X) | D20: Giỏ hàng đã được mở | E20: Hiển thị icon "X" hoặc nút "Đóng" | F20: Hiển thị icon "X" hoặc nút "Đóng" | G20: Passed | H20: 46122 | I20: Lâm | J20: Passed | K20: 46124 | L20: Lâm
A21: FUNCTION_SHOW - Xem danh sách món đã gọi
A22: FUN-CART01 | B22: Hiển thị món đã thêm | C22: 1. Khách hàng chọn một món cụ thể từ menu 2. Nhấn nút "+ Thêm" để thêm món vào giỏ 3. Mở giỏ hàng | D22: Đã thêm ít nhất một món vào giỏ hàng | E22: 1. Món vừa thêm hiển thị trong danh sách giỏ hàng 2. Thông tin món khớp với món đã chọn (tên, giá, ảnh) 3. Số lượng mặc định là 1 (nếu thêm lần đầu) | F22: 1. Món vừa thêm hiển thị trong danh sách giỏ hàng 2. Thông tin món khớp với món đã chọn (tên, giá, ảnh) 3. Số lượng mặc định là 1 (nếu thêm lần đầu) | G22: Passed | H22: 46122 | I22: Lâm | J22: Passed | K22: 46124 | L22: Lâm
A23: FUN-CART02 | B23: Tăng số lượng món | C23: 1. Khách hàng mở giỏ hàng (đã có món) 2. Quan sát số lượng hiện tại của một món 3. Nhấn nút "+" để tăng số lượng | D23: Đã thêm ít nhất một món vào giỏ hàng | E23: 1. Số lượng tăng lên 1 đơn vị sau mỗi lần nhấn 2. Tổng tiền được cập nhật tự động | F23: 1. Số lượng tăng lên 1 đơn vị sau mỗi lần nhấn 2. Tổng tiền được cập nhật tự động | G23: Passed | H23: 46122 | I23: Lâm | J23: Passed | K23: 46124 | L23: Lâm
A24: FUN-CART03 | B24: Giảm số lượng món | C24: 1. Khách hàng mở giỏ hàng (đã có món) 2. Quan sát số lượng hiện tại của một món 3. Nhấn nút "-" để giảm số lượng | D24: Đã có món trong giỏ hàng với số lượng ≥ 2 | E24: 1. Số lượng giảm đi 1 đơn vị sau mỗi lần nhấn 2. Tổng tiền được cập nhật tự động 3. Nếu số lượng = 1, nút "-" có thể bị disable hoặc hiển thị xác nhận xóa | F24: 1. Số lượng giảm đi 1 đơn vị sau mỗi lần nhấn 2. Tổng tiền được cập nhật tự động 3. Nếu số lượng = 1, nút "-" có thể bị disable hoặc hiển thị xác nhận xóa | G24: Passed | H24: 46122 | I24: Lâm | J24: Passed | K24: 46124 | L24: Lâm
A25: FUN-CART04 | B25: Xóa món khỏi giỏ | C25: 1. Khách hàng mở giỏ hàng (đã có món) 2. Nhấn vào icon delete/trash của một món | D25: Đã thêm ít nhất một món vào giỏ hàng | E25: 1. Món được xóa hoàn toàn khỏi giỏ hàng 2. Món không còn hiển thị trong danh sách 3. Tổng tiền được cập nhật lại | F25: 1. Món được xóa hoàn toàn khỏi giỏ hàng 2. Món không còn hiển thị trong danh sách 3. Tổng tiền được cập nhật lại | G25: Passed | H25: 46122 | I25: Lâm | J25: Passed | K25: 46124 | L25: Lâm
A26: FUN-CART05 | B26: Tính tổng tiền | C26: 1. Khách hàng thêm nhiều món vào giỏ hàng 2. Mở giỏ hàng 3. Thay đổi số lượng của một hoặc nhiều món (tăng/giảm) | D26: Đã thêm ít nhất một món vào giỏ hàng | E26: 1. Tổng tiền = Σ(giá món × số lượng món) 2. Tổng tiền cập nhật ngay lập tức khi thay đổi số lượng | F26: 1. Tổng tiền = Σ(giá món × số lượng món) 2. Tổng tiền cập nhật ngay lập tức khi thay đổi số lượng | G26: Passed | H26: 46122 | I26: Lâm | J26: Passed | K26: 46124 | L26: Lâm
A27: FUN-CART06 | B27: Gọi món | C27: 1. Khách hàng thêm món vào giỏ hàng 2. Mở giỏ hàng và kiểm tra thông tin 3. Nhấn nút "Gọi món ngay" | D27: Đã thêm ít nhất một món vào giỏ hàng | E27: 1. Đơn hàng được gửi thành công đến server 2. Hiển thị thông báo "Gọi món thành công" | F27: 1. Đơn hàng được gửi thành công đến server 2. Hiển thị thông báo "Gọi món thành công" | G27: Passed | H27: 46122 | I27: Lâm | J27: Passed | K27: 46124 | L27: Lâm
A28: FUN-CART07 | B28: Reset giỏ hàng sau khi gọi món | C28: 1. Khách hàng thêm món vào giỏ hàng 2. Nhấn "Gọi món ngay" và chờ xác nhận thành công 3. Mở lại giỏ hàng | D28: Đã gọi món thành công | E28: Giỏ hàng trở về trạng thái rỗng | F28: Giỏ hàng trở về trạng thái rỗng | G28: Passed | H28: 46122 | I28: Lâm | J28: Passed | K28: 46124 | L28: Lâm
A29: FUN-CART08 | B29: Đóng giỏ hàng | C29: 1. Khách hàng mở giỏ hàng 2. Nhấn vào nút "X" hoặc nút "Đóng" | D29: Giỏ hàng đang được mở | E29: 1. Popup/modal giỏ hàng đóng lại 2. Quay về trang menu hoặc trang trước đó | F29: 1. Popup/modal giỏ hàng đóng lại 2. Quay về trang menu hoặc trang trước đó | G29: Passed | H29: 46122 | I29: Lâm | J29: Passed | K29: 46124 | L29: Lâm
A30: FUN-CART09 | B30: Giỏ hàng rỗng | C30: 1. Khách hàng truy cập menu (chưa thêm món) 2. Nhấn vào icon giỏ hàng để mở | D30: Giỏ hàng chưa có món nào | E30: Hiển thị thông báo "Chưa có món" hoặc "Giỏ hàng trống" | F30: Hiển thị thông báo "Chưa có món" hoặc "Giỏ hàng trống" | G30: Passed | H30: 46122 | I30: Lâm | J30: Passed | K30: 46124 | L30: Lâm

Sheet Khởi tạo đơn hàng cho bàn
A1: Project Name | B1: XÂY DỰNG HỆ THỐNG QUẢN LÝ NHÀ HÀNG THEO MÔ HÌNH TƯƠNG TÁC SỐ ĐA KÊNH
A2: Module Code | B2: Khởi tạo đơn hàng cho bàn
B3: Hoàn thành | C3: Lỗi | D3: Chưa kiểm tra | E3: Bị chặn | F3: Tổng số trường hợp thử nghiệm
A4: Round 1 | B4: =COUNTIF(G12:G99,"Passed") -> 16 | C4: =COUNTIF(G12:G99,"Failed") -> 0 | D4: =COUNTIF(G12:G20,"Untested") -> 0 | E4: =COUNTIF(G12:G20,"Blocked") -> 0 | F4: =SUM(B4:C4) -> 16
A5: Round 2 | B5: =COUNTIF(J12:J99,"Passed") -> 16 | C5: =COUNTIF(J12:J99,"Failed") -> 0 | D5: =COUNTIF(J12:J20,"Untested") -> 0 | E5: =COUNTIF(J12:J20,"Blocked") -> 0 | F5: =SUM(B5:C5) -> 16
A8: Test Case ID | B8: Mô tả | C8: Hành động | D8: Điều kiện tiên quyết | E8: Kết quả mong đợi | F8: Kết quả thực tế | G8: Kết quả | J8: Kết quả | M8: Chú thích
G9: Vòng 1 | J9: Vòng 2
G10: Trạng thái | H10: Ngày kiểm tra | I10: Người kiểm tra | J10: Trạng thái | K10: Ngày kiểm tra | L10: Người kiểm tra
A11: GUI_SHOW - Khởi tạo đơn hàng cho bàn
A12: GUI-ORDERINIT01 | B12: Tiêu đề "Đơn gọi món" | C12: 1. Khách hàng quét QR 2. Thêm món vào giỏ hàng và gọi món 3. Mở màn hình đơn gọi món | D12: Giỏ hàng có ít nhất một món ăn | E12: Hiển thị tiêu đề "Đơn gọi món" hoặc "Chi tiết đơn hàng" | F12: Hiển thị tiêu đề "Đơn gọi món" hoặc "Chi tiết đơn hàng" | G12: Passed | H12: 46122 | I12: Lâm | J12: Passed | K12: 46124 | L12: Lâm
A13: GUI-ORDERINIT02 | B13: Thông tin bàn | C13: 1. Khách hàng quét QR 2. Thêm món vào giỏ hàng và gọi món 3. Mở màn hình đơn gọi món | D13: Giỏ hàng có ít nhất một món ăn | E13: 1. Hiển thị label "Bàn:" hoặc "Số bàn:" 2. Hiển thị mã bàn chính xác (ví dụ: "Bàn: VIP-06") | F13: 1. Hiển thị label "Bàn:" hoặc "Số bàn:" 2. Hiển thị mã bàn chính xác (ví dụ: "Bàn: VIP-06") | G13: Passed | H13: 46122 | I13: Lâm | J13: Passed | K13: 46124 | L13: Lâm
A14: GUI-ORDERINIT03 | B14: Danh sách món đã order | C14: 1. Khách hàng quét QR 2. Thêm món vào giỏ hàng và gọi món 3. Mở màn hình đơn gọi món | D14: Giỏ hàng có ít nhất một món ăn | E14: Hiển thị đầy đủ danh sách món đã order | F14: Hiển thị đầy đủ danh sách món đã order | G14: Passed | H14: 46122 | I14: Lâm | J14: Passed | K14: 46124 | L14: Lâm
A15: GUI-ORDERINIT04 | B15: Thông tin từng món | C15: 1. Khách hàng tạo đơn hàng với nhiều món 2. Mở màn hình đơn gọi món | D15: Giỏ hàng có ít nhất một món ăn | E15: 1. Hiển thị tên món ăn đầy đủ 2. Hiển thị số lượng với format rõ ràng (ví dụ: "x1", "x2", "x3") 3. Hiển thị giá món (có thể là giá đơn vị hoặc thành tiền) | F15: 1. Hiển thị tên món ăn đầy đủ 2. Hiển thị số lượng với format rõ ràng (ví dụ: "x1", "x2", "x3") 3. Hiển thị giá món (có thể là giá đơn vị hoặc thành tiền) | G15: Passed | H15: 46122 | I15: Lâm | J15: Passed | K15: 46124 | L15: Lâm
A16: GUI-ORDERINIT05 | B16: Trạng thái món | C16: 1. Khách hàng quét QR 2. Thêm món vào giỏ hàng và gọi món 3. Mở màn hình đơn gọi món | D16: Giỏ hàng có ít nhất một món ăn | E16: 1. Hiển thị trạng thái "Chờ bếp" hoặc "Đang chờ xử lý" 2. Trạng thái có màu sắc phân biệt (ví dụ: màu vàng/cam cho "Chờ bếp") | F16: 1. Hiển thị trạng thái "Chờ bếp" hoặc "Đang chờ xử lý" 2. Trạng thái có màu sắc phân biệt (ví dụ: màu vàng/cam cho "Chờ bếp") | G16: Passed | H16: 46122 | I16: Lâm | J16: Passed | K16: 46124 | L16: Lâm
A17: GUI-ORDERINIT06 | B17: Tổng số lượng món | C17: 1. Khách hàng thêm nhiều món với số lượng khác nhau 2. Tạo đơn hàng 3. Mở màn hình đơn gọi món | D17: Giỏ hàng có ít nhất một món ăn | E17: Hiển thị tổng số món (tổng số lượng của tất cả món) | F17: Hiển thị tổng số món (tổng số lượng của tất cả món) | G17: Passed | H17: 46122 | I17: Lâm | J17: Passed | K17: 46124 | L17: Lâm
A18: GUI-ORDERINIT07 | B18: Tổng tiền | C18: 1. Khách hàng tạo đơn hàng với một hoặc nhiều món 2. Tạo đơn hàng 3. Mở màn hình đơn gọi món | D18: Giỏ hàng có ít nhất một món ăn | E18: 1. Hiển thị label "Tổng cộng:" hoặc "Tổng tiền:" 2. Hiển thị số tiền đúng định dạng (ví dụ: "Tổng cộng: 250.000đ") 3. Tổng tiền được tính chính xác | F18: 1. Hiển thị label "Tổng cộng:" hoặc "Tổng tiền:" 2. Hiển thị số tiền đúng định dạng (ví dụ: "Tổng cộng: 250.000đ") 3. Tổng tiền được tính chính xác | G18: Passed | H18: 46122 | I18: Lâm | J18: Passed | K18: 46124 | L18: Lâm
A19: GUI-ORDERINIT08 | B19: Nút "Thanh toán" | C19: 1. Khách hàng quét QR 2. Thêm món vào giỏ hàng và gọi món 3. Mở màn hình đơn gọi món | D19: Giỏ hàng có ít nhất một món ăn | E19: Hiển thị nút "Thanh toán" hoặc "Tiến hành thanh toán" | F19: Hiển thị nút "Thanh toán" hoặc "Tiến hành thanh toán" | G19: Passed | H19: 46122 | I19: Lâm | J19: Passed | K19: 46124 | L19: Lâm
A20: GUI-ORDERINIT09 | B20: Nút đóng (X) | C20: 1. Khách hàng mở màn hình đơn gọi món 2. Tìm icon hoặc nút đóng (X) | D20: Giỏ hàng có ít nhất một món ăn | E20: Hiển thị icon "X" hoặc nút "Đóng"/"Quay lại" | F20: Hiển thị icon "X" hoặc nút "Đóng"/"Quay lại" | G20: Passed | H20: 46122 | I20: Lâm | J20: Passed | K20: 46124 | L20: Lâm
A21: FUNCTION_SHOW - Khởi tạo đơn hàng cho bàn
A22: FUNC-ORDERINIT01 | B22: Tạo đơn hàng | C22: 1. Khách hàng thêm món vào giỏ hàng 2. Nhấn nút "Gọi món ngay" | D22: Giỏ hàng có ít nhất một món ăn | E22: 1. Đơn hàng mới được tạo trong database 2. Thông tin đơn hàng được lưu đầy đủ (bàn, món, số lượng, giá) | F22: 1. Đơn hàng mới được tạo trong database 2. Thông tin đơn hàng được lưu đầy đủ (bàn, món, số lượng, giá) | G22: Passed | H22: 46122 | I22: Lâm | J22: Passed | K22: 46124 | L22: Lâm
A23: FUNC-ORDERINIT02 | B23: Gán đúng bàn cho đơn hàng | C23: 1. Khách hàng quét QR 2. Thêm món vào giỏ hàng 3. Nhấn "Gọi món ngay" để tạo đơn | D23: QR bàn hợp lệ | E23: Đơn hàng được gắn đúng với bàn đã quét | F23: Đơn hàng được gắn đúng với bàn đã quét | G23: Passed | H23: 46122 | I23: Lâm | J23: Passed | K23: 46124 | L23: Lâm
A24: FUNC-ORDERINIT03 | B24: Lưu danh sách món vào đơn | C24: 1. Khách hàng thêm nhiều món khác nhau vào giỏ hàng 2. Mỗi món có số lượng khác nhau 3. Nhấn "Gọi món ngay" | D24: Menu đã có sẵn món để gọi | E24: 1. Tất cả món trong giỏ được lưu vào đơn hàng 2. Số lượng của từng món được lưu chính xác 3. Giá của từng món được lưu đúng | F24: 1. Tất cả món trong giỏ được lưu vào đơn hàng 2. Số lượng của từng món được lưu chính xác 3. Giá của từng món được lưu đúng | G24: Passed | H24: 46122 | I24: Lâm | J24: Passed | K24: 46124 | L24: Lâm
A25: FUNC-ORDERINIT04 | B25: Trạng thái ban đầu của món | C25: 1. Khách hàng tạo đơn hàng mới 2. Kiểm tra trạng thái của các món trong đơn | D25: Hệ thống cho phép tạo order mới | E25: Tất cả món có trạng thái ban đầu là "Chờ bếp" hoặc "Pending" | F25: Tất cả món có trạng thái ban đầu là "Chờ bếp" hoặc "Pending" | G25: Passed | H25: 46122 | I25: Lâm | J25: Passed | K25: 46124 | L25: Lâm
A26: FUNC-ORDERINIT05 | B26: Tính tổng tiền đơn hàng | C26: 1. Khách hàng thêm nhiều món với số lượng khác nhau 2. Tạo đơn hàng 3. Kiểm tra tổng tiền được tính toán | D26: Danh sách món đã được thêm vào order | E26: 1. Tổng tiền = Σ(giá món × số lượng món) 2. Tính toán chính xác, không sai số | F26: 1. Tổng tiền = Σ(giá món × số lượng món) 2. Tính toán chính xác, không sai số | G26: Passed | H26: 46122 | I26: Lâm | J26: Passed | K26: 46124 | L26: Lâm
A27: FUNC-ORDERINIT06 | B27: Tiếp tục gọi món thêm | C27: 1. Khách hàng đã có đơn hàng đang hoạt động 2. Quay lại menu 3. Thêm món mới vào giỏ hàng 4. Nhấn "Gọi món ngay" | D27: Đang có order đang hoạt động (chưa thanh toán) | E27: 1. Món mới được gộp vào đơn hàng hiện tại 2. Không tạo đơn hàng mới 3. Tổng tiền được cập nhật | F27: 1. Món mới được gộp vào đơn hàng hiện tại 2. Không tạo đơn hàng mới 3. Tổng tiền được cập nhật | G27: Passed | H27: 46122 | I27: Lâm | J27: Passed | K27: 46124 | L27: Lâm
A28: FUNC-ORDERINIT07 | B28: Chuyển sang bước thanh toán | C28: 1. Khách hàng có đơn hàng đang hoạt động 2. Mở màn hình đơn gọi món 3. Nhấn nút "Thanh toán" | D28: Order đang ở trạng thái chưa thanh toán | E28: 1. Hệ thống chuyển sang màn hình thanh toán 2. Thông tin đơn hàng được truyền sang màn hình thanh toán 3. Hiển thị các phương thức thanh toán | F28: 1. Hệ thống chuyển sang màn hình thanh toán 2. Thông tin đơn hàng được truyền sang màn hình thanh toán 3. Hiển thị các phương thức thanh toán | G28: Passed | H28: 46122 | I28: Lâm | J28: Passed | K28: 46124 | L28: Lâm

Sheet Chuyển đơn hàng tới bếp
A1: Project Name | B1: XÂY DỰNG HỆ THỐNG QUẢN LÝ NHÀ HÀNG THEO MÔ HÌNH TƯƠNG TÁC SỐ ĐA KÊNH
A2: Module Code | B2: Chuyển đơn hàng tới bếp
B3: Hoàn thành | C3: Lỗi | D3: Chưa kiểm tra | E3: Bị chặn | F3: Tổng số trường hợp thử nghiệm
A4: Round 1 | B4: =COUNTIF(G12:G82,"Passed") -> 4 | C4: =COUNTIF(G12:G82,"Failed") -> 0 | D4: =COUNTIF(G12:G13,"Untested") -> 0 | E4: =COUNTIF(G12:G13,"Blocked") -> 0 | F4: =SUM(B4:C4) -> 4
A5: Round 2 | B5: =COUNTIF(J12:J82,"Passed") -> 4 | C5: =COUNTIF(J12:J82,"Failed") -> 0 | D5: =COUNTIF(J12:J13,"Untested") -> 0 | E5: =COUNTIF(J12:J13,"Blocked") -> 0 | F5: =SUM(B5:C5) -> 4
A8: Test Case ID | B8: Mô tả | C8: Hành động | D8: Điều kiện tiên quyết | E8: Kết quả mong đợi | F8: Kết quả thực tế | G8: Kết quả | J8: Kết quả | M8: Chú thích
G9: Vòng 1 | J9: Vòng 2
G10: Trạng thái | H10: Ngày kiểm tra | I10: Người kiểm tra | J10: Trạng thái | K10: Ngày kiểm tra | L10: Người kiểm tra
A11: FUNCTION_SHOW - Chuyển đơn hàng tới bếp
A12: FUNC-CDHTB01 | B12: Xác nhận và gửi đơn hàng đến bếp | C12: 1. Khách hàng thêm món ăn vào giỏ hàng 2. Nhấn nút "Gọi món ngay" để xác nhận đơn hàng 3. Hệ thống xử lý và tự động gửi đơn đến bếp 4. Quan sát thông báo phản hồi | D12: Khách hàng đã chọn ít nhất một món ăn Đơn hàng đã được khởi tạo | E12: 1. Hệ thống hiển thị thông báo "Đã gọi món thành công" hoặc "Đơn của bạn đã được xử lý" 2. Đơn hàng được gửi đến dashboard bếp tự động | F12: 1. Hệ thống hiển thị thông báo "Đã gọi món thành công" hoặc "Đơn của bạn đã được xử lý" 2. Đơn hàng được gửi đến dashboard bếp tự động | G12: Passed | H12: 46122 | I12: Khiêm | J12: Passed | K12: 46124 | L12: Khiêm
A13: FUNC-CDHTB02 | B13: Hiển thị đơn hàng tại dashboard bếp | C13: 1. Khách hàng xác nhận đơn gọi món 2. Hệ thống gửi đơn đến bếp 3. Chef đăng nhập vào dashboard bếp 4. Kiểm tra danh sách món cần nấu | D13: Đơn hàng đã được xác nhận và gửi đến bếp Chef đã đăng nhập vào hệ thống | E13: 1. Đơn hàng hiển thị trong danh sách món cần chế biến 2. Hiển thị đầy đủ thông tin: Tên món, Số lượng, Số bàn, Trạng thái món (Pending/Chờ bếp) 3. Danh sách được sắp xếp theo thứ tự thời gian 4. Chef có thể xem và bắt đầu xử lý đơn | F13: 1. Đơn hàng hiển thị trong danh sách món cần chế biến 2. Hiển thị đầy đủ thông tin: Tên món, Số lượng, Số bàn, Trạng thái món (Pending/Chờ bếp) 3. Danh sách được sắp xếp theo thứ tự thời gian 4. Chef có thể xem và bắt đầu xử lý đơn | G13: Passed | H13: 46122 | I13: Khiêm | J13: Passed | K13: 46124 | L13: Khiêm
A14: FUNC-CDHTB03 | B14: Kiểm tra đơn hàng hợp lệ | C14: 1. Hệ thống nhận yêu cầu gửi đơn hàng đến bếp 2. Kiểm tra tính hợp lệ của đơn hàng 3. Xử lý theo kết quả kiểm tra | D14: Có yêu cầu gửi đơn hàng đến bếp | E14: 1. Nếu đơn hàng không tồn tại: Hiển thị "Không tìm thấy đơn hàng" 2. Nếu đơn hàng hợp lệ: Tiếp tục xử lý và gửi đến bếp 3. Đơn hàng phải có ít nhất một món 4. Thông tin bàn phải hợp lệ | F14: 1. Nếu đơn hàng không tồn tại: Hiển thị "Không tìm thấy đơn hàng" 2. Nếu đơn hàng hợp lệ: Tiếp tục xử lý và gửi đến bếp 3. Đơn hàng phải có ít nhất một món 4. Thông tin bàn phải hợp lệ | G14: Passed | H14: 46122 | I14: Khiêm | J14: Passed | K14: 46124 | L14: Khiêm
A15: FUNC-CDHTB04 | B15: Cập nhật trạng thái đơn hàng | C15: 1. Khách hàng xác nhận đơn hàng 2. Hệ thống gửi đơn đến bếp 3. Kiểm tra trạng thái đơn hàng trong database 4. Kiểm tra trạng thái hiển thị tại cả phía khách và phía bếp | D15: Đơn hàng đã được xác nhận | E15: 1. Trạng thái đơn hàng chuyển từ "Đang tạo" sang "Đã gửi đến bếp" 2. Trạng thái món ăn chuyển thành "Pending" hoặc "Chờ bếp" 3. Trạng thái được lưu chính xác trong database 4. Trạng thái hiển thị đồng bộ giữa phía khách và phía bếp | F15: 1. Trạng thái đơn hàng chuyển từ "Đang tạo" sang "Đã gửi đến bếp" 2. Trạng thái món ăn chuyển thành "Pending" hoặc "Chờ bếp" 3. Trạng thái được lưu chính xác trong database 4. Trạng thái hiển thị đồng bộ giữa phía khách và phía bếp | G15: Passed | H15: 46122 | I15: Khiêm | J15: Passed | K15: 46124 | L15: Khiêm

Sheet Xem danh sách món cần nấu
A1: Project Name | B1: XÂY DỰNG HỆ THỐNG QUẢN LÝ NHÀ HÀNG THEO MÔ HÌNH TƯƠNG TÁC SỐ ĐA KÊNH
A2: Module Code | B2: Xem danh sách món cần nấu
B3: Hoàn thành | C3: Lỗi | D3: Chưa kiểm tra | E3: Bị chặn | F3: Tổng số trường hợp thử nghiệm
A4: Round 1 | B4: =COUNTIF(G12:G85,"Passed") -> 6 | C4: =COUNTIF(G12:G85,"Failed") -> 0 | D4: =COUNTIF(G12:G17,"Untested") -> 0 | E4: =COUNTIF(G12:G17,"Blocked") -> 0 | F4: =SUM(B4:C4) -> 6
A5: Round 2 | B5: =COUNTIF(J12:J85,"Passed") -> 6 | C5: =COUNTIF(J12:J85,"Failed") -> 0 | D5: =COUNTIF(J12:J17,"Untested") -> 0 | E5: =COUNTIF(J12:J17,"Blocked") -> 0 | F5: =SUM(B5:C5) -> 6
A8: Test Case ID | B8: Mô tả | C8: Hành động | D8: Điều kiện tiên quyết | E8: Kết quả mong đợi | F8: Kết quả thực tế | G8: Kết quả | J8: Kết quả | M8: Chú thích
G9: Vòng 1 | J9: Vòng 2
G10: Trạng thái | H10: Ngày kiểm tra | I10: Người kiểm tra | J10: Trạng thái | K10: Ngày kiểm tra | L10: Người kiểm tra
A11: GUI_SHOW - Xem danh sách món cần nấu
A12: GUI-XDSMCN01 | B12: Thanh trạng thái tổng quát (Header) | C12: 1. Chef đăng nhập vào hệ thống 2. Truy cập dashboard bếp 3. Quan sát phần header/thanh trạng thái ở đầu trang 4. Kiểm tra các chỉ số thống kê hiển thị | D12: Chef đã đăng nhập vào hệ thống Dashboard bếp đang hoạt động Có dữ liệu đơn hàng trong hệ thống | E12: 1. Hiển thị đủ 4 chỉ số thống kê 2. Mỗi chỉ số có màu sắc phân biệt rõ ràng 3. Số liệu cập nhật chính xác theo thời gian thực | F12: 1. Hiển thị đủ 4 chỉ số thống kê 2. Mỗi chỉ số có màu sắc phân biệt rõ ràng 3. Số liệu cập nhật chính xác theo thời gian thực | G12: Passed | H12: 46122 | I12: Khiêm | J12: Passed | K12: 46124 | L12: Khiêm
A13: GUI-XDSMCN02 | B13: Cột "Chờ chế biến" | C13: 1. Chef truy cập dashboard bếp 2. Quan sát cột đầu tiên bên trái (Chờ chế biến) 3. Kiểm tra các thành phần hiển thị trong cột | D13: Chef đã đăng nhập Có món ăn ở trạng thái "Pending" hoặc "Chờ chế biến" | E13: 1. Hiển thị icon đồng hồ (clock icon) ở tiêu đề cột 2. Hiển thị tiêu đề "Chờ chế biến" hoặc "Pending" 3. Hiển thị số lượng đơn đang chờ (ví dụ: "5 món") 4. Danh sách món được sắp xếp theo thứ tự ưu tiên (thời gian chờ lâu nhất ở trên) | F13: 1. Hiển thị icon đồng hồ (clock icon) ở tiêu đề cột 2. Hiển thị tiêu đề "Chờ chế biến" hoặc "Pending" 3. Hiển thị số lượng đơn đang chờ (ví dụ: "5 món") 4. Danh sách món được sắp xếp theo thứ tự ưu tiên (thời gian chờ lâu nhất ở trên) | G13: Passed | H13: 46122 | I13: Khiêm | J13: Passed | K13: 46124 | L13: Khiêm
A14: GUI-XDSMCN03 | B14: Cột "Đang thực hiện" | C14: 1. Chef truy cập dashboard bếp 2. Quan sát cột giữa (Đang thực hiện) 3. Kiểm tra các thành phần hiển thị trong cột | D14: Chef đã đăng nhập Có món ăn ở trạng thái "Preparing" hoặc "Đang chế biến" | E14: 1. Hiển thị icon ngọn lửa (fire/flame icon) ở tiêu đề cột 2. Hiển thị tiêu đề "Đang thực hiện" hoặc "Preparing" 3. Hiển thị số lượng món đang nấu (ví dụ: "3 món") 4. Danh sách món hiển thị với thông tin chi tiết | F14: 1. Hiển thị icon ngọn lửa (fire/flame icon) ở tiêu đề cột 2. Hiển thị tiêu đề "Đang thực hiện" hoặc "Preparing" 3. Hiển thị số lượng món đang nấu (ví dụ: "3 món") 4. Danh sách món hiển thị với thông tin chi tiết | G14: Passed | H14: 46122 | I14: Khiêm | J14: Passed | K14: 46124 | L14: Khiêm
A15: GUI-XDSMCN04 | B15: Cột "Sẵn sàng phục vụ" | C15: 1. Chef truy cập dashboard bếp 2. Quan sát cột bên phải (Sẵn sàng phục vụ) 3. Kiểm tra các thành phần hiển thị trong cột | D15: Chef đã đăng nhập Có món ăn ở trạng thái "Ready" hoặc "Sẵn sàng" | E15: 1. Hiển thị icon tích xanh (check/checkmark icon) ở tiêu đề cột 2. Hiển thị tiêu đề "Sẵn sàng phục vụ" hoặc "Ready" 3. Hiển thị số lượng món đã xong (ví dụ: "2 món") 4. Danh sách món sẵn sàng để Waiter lấy | F15: 1. Hiển thị icon tích xanh (check/checkmark icon) ở tiêu đề cột 2. Hiển thị tiêu đề "Sẵn sàng phục vụ" hoặc "Ready" 3. Hiển thị số lượng món đã xong (ví dụ: "2 món") 4. Danh sách món sẵn sàng để Waiter lấy | G15: Passed | H15: 46122 | I15: Khiêm | J15: Passed | K15: 46124 | L15: Khiêm
A16: GUI-XDSMCN05 | B16: Thẻ bàn (Table Card) | C16: 1. Chef truy cập dashboard bếp 2. Quan sát các card món trong từng cột 3. Kiểm tra thông tin bàn hiển thị trên mỗi card | D16: Chef đã đăng nhập Có đơn hàng từ nhiều bàn khác nhau Có món đang chờ chế biến | E16: 1. Hiển thị tên bàn rõ ràng (ví dụ: "Bàn B02", "VIP-06") 2. Hiển thị số lượng món của bàn (ví dụ: "3 món") 3. Hiển thị thời gian chờ của món lâu nhất trong bàn (ví dụ: "15 phút") | F16: 1. Hiển thị tên bàn rõ ràng (ví dụ: "Bàn B02", "VIP-06") 2. Hiển thị số lượng món của bàn (ví dụ: "3 món") 3. Hiển thị thời gian chờ của món lâu nhất trong bàn (ví dụ: "15 phút") | G16: Passed | H16: 46122 | I16: Khiêm | J16: Passed | K16: 46124 | L16: Khiêm
A17: GUI-XDSMCN06 | B17: Thẻ món ăn chi tiết | C17: 1. Chef truy cập dashboard bếp 2. Quan sát các card món ăn trong danh sách 3. Kiểm tra thông tin chi tiết hiển thị trên mỗi card món | D17: Chef đã đăng nhập Có món ăn trong danh sách cần chế biến Món ăn có đầy đủ thông tin | E17: 1. Hiển thị mã món (ví dụ: "K-E59", "FOOD-001") 2. Hiển thị tên món đầy đủ 3. Hiển thị phân loại/danh mục món (ví dụ: "Món chính", "Đồ uống") 4. Hiển thị số lượng với format rõ ràng (ví dụ: "x1", "x2", "x3") 5. Hiển thị thời gian chờ (ví dụ: "10 phút", "5m") | F17: 1. Hiển thị mã món (ví dụ: "K-E59", "FOOD-001") 2. Hiển thị tên món đầy đủ 3. Hiển thị phân loại/danh mục món (ví dụ: "Món chính", "Đồ uống") 4. Hiển thị số lượng với format rõ ràng (ví dụ: "x1", "x2", "x3") 5. Hiển thị thời gian chờ (ví dụ: "10 phút", "5m") | G17: Passed | H17: 46122 | I17: Khiêm | J17: Passed | K17: 46124 | L17: Khiêm

Sheet Cập nhật trạng thái món ăn
A1: Project Name | B1: XÂY DỰNG HỆ THỐNG QUẢN LÝ NHÀ HÀNG THEO MÔ HÌNH TƯƠNG TÁC SỐ ĐA KÊNH
A2: Module Code | B2: Cập nhật trạng thái món ăn
B3: Hoàn thành | C3: Lỗi | D3: Chưa kiểm tra | E3: Bị chặn | F3: Tổng số trường hợp thử nghiệm
A4: Round 1 | B4: =COUNTIF(G12:G91,"Passed") -> 10 | C4: =COUNTIF(G12:G91,"Failed") -> 2 | D4: =COUNTIF(G12:G23,"Untested") -> 0 | E4: =COUNTIF(G12:G23,"Blocked") -> 0 | F4: =SUM(B4:C4) -> 12
A5: Round 2 | B5: =COUNTIF(J12:J91,"Passed") -> 12 | C5: =COUNTIF(J12:J91,"Failed") -> 0 | D5: =COUNTIF(J12:J23,"Untested") -> 0 | E5: =COUNTIF(J12:J23,"Blocked") -> 0 | F5: =SUM(B5:C5) -> 12
A8: Test Case ID | B8: Mô tả | C8: Hành động | D8: Điều kiện tiên quyết | E8: Kết quả mong đợi | F8: Kết quả thực tế | G8: Kết quả | J8: Kết quả | M8: Chú thích
G9: Vòng 1 | J9: Vòng 2
G10: Trạng thái | H10: Ngày kiểm tra | I10: Người kiểm tra | J10: Trạng thái | K10: Ngày kiểm tra | L10: Người kiểm tra
A11: FUNCTION_SHOW - Cập nhật trạng thái món ăn
A12: FUNC-CNTTMN01 | B12: Tìm kiếm bàn | C12: 1. Chef truy cập dashboard bếp 2. Quan sát danh sách bàn đang chờ chế biến 3. Nhập tên hoặc mã bàn vào ô tìm kiếm | D12: Chef đã đăng nhập Có danh sách bàn đang chờ chế biến | E12: 1. Chỉ hiển thị các thẻ bàn có tên chứa từ khóa tìm kiếm 2. Các bàn khác bị ẩn đi | F12: 1. Chỉ hiển thị các thẻ bàn có tên chứa từ khóa tìm kiếm 2. Các bàn khác bị ẩn đi | G12: Passed | H12: 46123 | I12: Khiêm | J12: Passed | K12: 46124 | L12: Khiêm
A13: FUNC-CNTTMN02 | B13: Mở rộng/Thu gọn danh sách bàn | C13: 1. Chef truy cập dashboard bếp 2. Quan sát cột "Chờ chế biến" có nhiều bàn 3. Nhấn nút "Mở tất cả" 4. Quan sát danh sách món của các bàn 5. Nhấn nút "Thu gọn" | D13: Chef đã đăng nhập Cột "Chờ chế biến" có nhiều bàn Mỗi bàn có ít nhất một món | E13: 1. Khi nhấn "Mở tất cả": Hiển thị chi tiết các món ăn bên trong mỗi thẻ bàn 2. Khi nhấn "Thu gọn": Ẩn chi tiết món, chỉ hiển thị tên bàn và số lượng món | F13: 1. Khi nhấn "Mở tất cả": Hiển thị chi tiết các món ăn bên trong mỗi thẻ bàn 2. Khi nhấn "Thu gọn": Ẩn chi tiết món, chỉ hiển thị tên bàn và số lượng món | G13: Failed | H13: 46123 | I13: Khiêm | J13: Passed | K13: 46124 | L13: Khiêm
A14: FUNC-CNTTMN03 | B14: Chuyển món từ trạng thái "Chờ" sang "Đang nấu" | C14: 1. Chef truy cập dashboard bếp 2. Quan sát cột "Chờ chế biến" 3. Chọn một món ăn đang ở trạng thái "Chờ chế biến" 4. Nhấn nút "Bắt đầu nấu" | D14: Chef đã đăng nhập Món ăn đang ở trạng thái "Chờ chế biến" | E14: 1. Món ăn biến mất khỏi cột "Chờ chế biến" 2. Món ăn xuất hiện tại cột "Đang thực hiện" 3. Trạng thái món được cập nhật trong database 4. Số lượng thống kê ở header được cập nhật 5. Trạng thái đồng bộ sang phía khách hàng | F14: 1. Món ăn biến mất khỏi cột "Chờ chế biến" 2. Món ăn xuất hiện tại cột "Đang thực hiện" 3. Trạng thái món được cập nhật trong database 4. Số lượng thống kê ở header được cập nhật 5. Trạng thái đồng bộ sang phía khách hàng | G14: Passed | H14: 46123 | I14: Khiêm | J14: Passed | K14: 46124 | L14: Khiêm
A15: FUNC-CNTTMN04 | B15: Chuyển món từ "Đang nấu" sang "Sẵn sàng" | C15: 1. Chef truy cập dashboard bếp 2. Quan sát cột "Đang thực hiện" 3. Chọn một món đang ở trạng thái "Đang thực hiện" 4. Nhấn nút "Đánh dấu xong" | D15: Chef đã đăng nhập Món ăn đang ở trạng thái "Đang thực hiện" Món đã được nấu xong | E15: 1. Món ăn chuyển sang cột "Sẵn sàng phục vụ" 2. Trạng thái đổi thành "Chờ waiter phục vụ" 3. Trạng thái được cập nhật trong database 4. Số lượng thống kê ở header được cập nhật | F15: 1. Món ăn chuyển sang cột "Sẵn sàng phục vụ" 2. Trạng thái đổi thành "Chờ waiter phục vụ" 3. Trạng thái được cập nhật trong database 4. Số lượng thống kê ở header được cập nhật | G15: Passed | H15: 46123 | I15: Khiêm | J15: Passed | K15: 46124 | L15: Khiêm
A16: FUNC-CNTTMN05 | B16: Chức năng "Làm mới" | C16: 1. Chef đang xem dashboard bếp 2. Có đơn hàng mới được tạo từ hệ thống khác 3. Nhấn nút "Làm mới" | D16: Chef đã đăng nhập Hệ thống có dữ liệu mới từ đơn hàng | E16: 1. Danh sách món được cập nhật với dữ liệu mới nhất 2. Các con số thống kê ở header được cập nhật 3. Đơn hàng mới xuất hiện trong cột "Chờ chế biến" | F16: 1. Danh sách món được cập nhật với dữ liệu mới nhất 2. Các con số thống kê ở header được cập nhật 3. Đơn hàng mới xuất hiện trong cột "Chờ chế biến" | G16: Passed | H16: 46123 | I16: Khiêm | J16: Passed | K16: 46124 | L16: Khiêm
A17: FUNC-CNTTMN06 | B17: Chuyển dashboard sang chế độ fullscreen | C17: 1. Chef truy cập dashboard bếp ở chế độ bình thường 2. Nhấn vào icon fullscreen | D17: Chef đã đăng nhập Đang ở trình duyệt bình thường | E17: 1. Giao diện mở rộng ra toàn màn hình 2. Thanh địa chỉ và thanh công cụ trình duyệt bị ẩn | F17: 1. Giao diện mở rộng ra toàn màn hình 2. Thanh địa chỉ và thanh công cụ trình duyệt bị ẩn | G17: Passed | H17: 46123 | I17: Khiêm | J17: Passed | K17: 46124 | L17: Khiêm
A18: FUNC-CNTTMN07 | B18: Cập nhật dashboard theo thời gian thực | C18: 1. Chef đang xem dashboard bếp 2. Từ thiết bị khác, tạo một đơn hàng mới | D18: Chef đã đăng nhập và đang xem dashboard | E18: 1. Dashboard tự động cập nhật món mới vào cột "Chờ chế biến" 2. Không cần load lại trang | F18: 1. Dashboard tự động cập nhật món mới vào cột "Chờ chế biến" 2. Không cần load lại trang | G18: Passed | H18: 46123 | I18: Khiêm | J18: Passed | K18: 46124 | L18: Khiêm
A19: FUNC-CNTTMN08 | B19: Hiển thị thời gian chờ chính xác của món ăn | C19: 1. Chef truy cập dashboard bếp 2. Quan sát các món ăn trong danh sách 3. Kiểm tra thời gian chờ hiển thị trên mỗi món | D19: Chef đã đăng nhập Có món ăn được gọi từ trước | E19: 1. Hiển thị thời gian chờ của món đã được gọi chính xác 2. Thời gian được tính từ lúc món được tạo đến hiện tại | F19: 1. Hiển thị thời gian chờ của món đã được gọi chính xác 2. Thời gian được tính từ lúc món được tạo đến hiện tại | G19: Failed | H19: 46123 | I19: Khiêm | J19: Passed | K19: 46124 | L19: Khiêm
A20: FUNC-CNTTMN09 | B20: Cảnh báo khi món chờ quá lâu | C20: 1. Chef truy cập dashboard bếp 2. Quan sát các món ăn trong danh sách 3. Kiểm tra thời gian chờ hiển thị trên mỗi món | D20: Chef đã đăng nhập Có món ăn với thời gian chờ khác nhau Đơn hàng có món để quá lâu | E20: 1. Món chờ dưới ngưỡng thời gian: Hiển thị màu cam 2. Món chờ vượt ngưỡng thời gian: Hiển thị màu đỏ và nhấp nháy 3. Hiệu ứng nhấp nháy thu hút sự chú ý | F20: 1. Món chờ dưới ngưỡng thời gian: Hiển thị màu cam 2. Món chờ vượt ngưỡng thời gian: Hiển thị màu đỏ và nhấp nháy 3. Hiệu ứng nhấp nháy thu hút sự chú ý | G20: Passed | H20: 46123 | I20: Khiêm | J20: Passed | K20: 46124 | L20: Khiêm
A21: FUNC-CNTTMN10 | B21: Đồng bộ trạng thái "Chờ bếp" sang phía khách hàng | C21: 1. Khách hàng gọi món từ ứng dụng 2. Đơn hàng được gửi đến bếp | D21: Khách hàng đã gọi món thành công Đơn hàng đã được gửi đến bếp | E21: 1. Phía khách hàng hiển thị trạng thái "Chờ bếp" 2. Trạng thái đồng bộ chính xác với dashboard bếp | F21: 1. Phía khách hàng hiển thị trạng thái "Chờ bếp" 2. Trạng thái đồng bộ chính xác với dashboard bếp | G21: Passed | H21: 46123 | I21: Khiêm | J21: Passed | K21: 46124 | L21: Khiêm
A22: FUNC-CNTTMN11 | B22: Đồng bộ trạng thái "Đang nấu" sang phía khách hàng | C22: 1. Chef nhấn "Bắt đầu nấu" cho một món 2. Trạng thái món chuyển sang "Đang nấu" tại dashboard bếp 3. Khách hàng xem trạng thái đơn hàng của mình | D22: Khách hàng đã gọi món Chef đã bắt đầu nấu món | E22: 1. Phía khách hàng hiển thị trạng thái "Đang nấu" 2. Trạng thái cập nhật realtime hoặc gần realtime | F22: 1. Phía khách hàng hiển thị trạng thái "Đang nấu" 2. Trạng thái cập nhật realtime hoặc gần realtime | G22: Passed | H22: 46123 | I22: Khiêm | J22: Passed | K22: 46124 | L22: Khiêm
A23: FUNC-CNTTMN12 | B23: Đồng bộ trạng thái "Sẵn sàng" sang phía khách hàng | C23: 1. Chef nhấn "Đánh dấu xong" cho một món 2. Trạng thái món chuyển sang "Sẵn sàng" tại dashboard bếp 3. Khách hàng xem trạng thái đơn hàng của mình | D23: Khách hàng đã gọi món Chef đã nấu xong món | E23: 1. Phía khách hàng hiển thị trạng thái "Sẵn sàng" 2. Trạng thái cập nhật realtime hoặc gần realtime | F23: 1. Phía khách hàng hiển thị trạng thái "Sẵn sàng" 2. Trạng thái cập nhật realtime hoặc gần realtime | G23: Passed | H23: 46123 | I23: Khiêm | J23: Passed | K23: 46124 | L23: Khiêm

Sheet Thông báo món đã hoàn thành
A1: Project Name | B1: XÂY DỰNG HỆ THỐNG QUẢN LÝ NHÀ HÀNG THEO MÔ HÌNH TƯƠNG TÁC SỐ ĐA KÊNH
A2: Module Code | B2: Thông báo món đã hoàn thành
B3: Hoàn thành | C3: Lỗi | D3: Chưa kiểm tra | E3: Bị chặn | F3: Tổng số trường hợp thử nghiệm
A4: Round 1 | B4: =COUNTIF(G12:G81,"Passed") -> 2 | C4: =COUNTIF(G12:G81,"Failed") -> 0 | D4: =COUNTIF(G12:G13,"Untested") -> 0 | E4: =COUNTIF(G12:G13,"Blocked") -> 0 | F4: =SUM(B4:C4) -> 2
A5: Round 2 | B5: =COUNTIF(J12:J81,"Passed") -> 2 | C5: =COUNTIF(J12:J81,"Failed") -> 0 | D5: =COUNTIF(J12:J13,"Untested") -> 0 | E5: =COUNTIF(J12:J13,"Blocked") -> 0 | F5: =SUM(B5:C5) -> 2
A8: Test Case ID | B8: Mô tả | C8: Hành động | D8: Điều kiện tiên quyết | E8: Kết quả mong đợi | F8: Kết quả thực tế | G8: Kết quả | J8: Kết quả | M8: Chú thích
G9: Vòng 1 | J9: Vòng 2
G10: Trạng thái | H10: Ngày kiểm tra | I10: Người kiểm tra | J10: Trạng thái | K10: Ngày kiểm tra | L10: Người kiểm tra
A11: FUNCTION_SHOW - Thông báo món đã hoàn thành
A12: FUNC-TBMDHT01 | B12: Chef xác nhận xong món | C12: 1. Chef truy cập dashboard bếp 2. Chọn món ăn đang ở trạng thái "Đang thực hiện" 3. Nhấn nút "Đánh dấu xong" | D12: Chef đã đăng nhập Có món ăn trong đơn hàng | E12: 1. Hiển thị thông báo "Món đã hoàn thành" hoặc "Đã đánh dấu xong" 2. Thông báo xác nhận "Đã thông báo Waiter" 3. Món chuyển sang cột "Sẵn sàng phục vụ" 4. Thông báo được gửi đến Waiter tự động | F12: 1. Hiển thị thông báo "Món đã hoàn thành" hoặc "Đã đánh dấu xong" 2. Thông báo xác nhận "Đã thông báo Waiter" 3. Món chuyển sang cột "Sẵn sàng phục vụ" 4. Thông báo được gửi đến Waiter tự động | G12: Passed | H12: 46123 | I12: Khiêm | J12: Passed | K12: 46124 | L12: Khiêm
A13: FUNC-TBMDHT02 | B13: Waiter nhận thông báo từ bếp | C13: 1. Waiter đăng nhập vào hệ thống 2. Chef đánh dấu xong một món ăn 3. Quan sát dashboard/app của Waiter | D13: Waiter đã đăng nhập Chef đã xác nhận xong món | E13: 1. Waiter nhận được thông báo realtime hoặc gần realtime 2. Thông báo hiển thị đầy đủ thông tin: Tên bàn, Tên món sẵn sàng phục vụ, Số lượng món 3. Thông báo có âm thanh hoặc visual alert | F13: 1. Waiter nhận được thông báo realtime hoặc gần realtime 2. Thông báo hiển thị đầy đủ thông tin: Tên bàn, Tên món sẵn sàng phục vụ, Số lượng món 3. Thông báo có âm thanh hoặc visual alert | G13: Passed | H13: 46123 | I13: Khiêm | J13: Passed | K13: 46124 | L13: Khiêm

Sheet Cập nhật trạng thái phục vụ món
A1: Project Name | B1: XÂY DỰNG HỆ THỐNG QUẢN LÝ NHÀ HÀNG THEO MÔ HÌNH TƯƠNG TÁC SỐ ĐA KÊNH
A2: Module Code | B2: Cập nhật trạng thái phục vụ món
B3: Hoàn thành | C3: Lỗi | D3: Chưa kiểm tra | E3: Bị chặn | F3: Tổng số trường hợp thử nghiệm
A4: Round 1 | B4: =COUNTIF(G12:G96,"Passed") -> 18 | C4: =COUNTIF(G12:G96,"Failed") -> 1 | D4: =COUNTIF(G12:G21,"Untested") -> 0 | E4: =COUNTIF(G12:G21,"Blocked") -> 0 | F4: =SUM(B4:C4) -> 19
A5: Round 2 | B5: =COUNTIF(J12:J96,"Passed") -> 19 | C5: =COUNTIF(J12:J96,"Failed") -> 0 | D5: =COUNTIF(J12:J21,"Untested") -> 0 | E5: =COUNTIF(J12:J21,"Blocked") -> 0 | F5: =SUM(B5:C5) -> 19
A8: Test Case ID | B8: Mô tả | C8: Hành động | D8: Điều kiện tiên quyết | E8: Kết quả mong đợi | F8: Kết quả thực tế | G8: Kết quả | J8: Kết quả | M8: Chú thích
G9: Vòng 1 | J9: Vòng 2
G10: Trạng thái | H10: Ngày kiểm tra | I10: Người kiểm tra | J10: Trạng thái | K10: Ngày kiểm tra | L10: Người kiểm tra
A11: GUI_SHOW - Cập nhật trạng thái phục vụ món
A12: GUI-CNTTPVM01 | B12: Kiểm tra hiển thị trang Waiter Dashboard | C12: 1. Truy cập trang Waiter Dashboard | D12: Đã đăng nhập | E12: Hiển thị tiêu đề "Waiter Dashboard" Hiển thị 2 cột: "Đơn đang chạy" và "Sẵn sàng phục vụ" Hiển thị số lượng món và bàn | F12: Hiển thị tiêu đề "Waiter Dashboard" Hiển thị 2 cột: "Đơn đang chạy" và "Sẵn sàng phục vụ" Hiển thị số lượng món và bàn | G12: Passed | H12: 46123 | I12: Khiêm | J12: Passed | K12: 46124 | L12: Khiêm
A13: GUI-CNTTPVM02 | B13: Kiểm tra khu vực "Đơn đang chạy" | C13: 1. Quan sát cột bên trái | D13: Có đơn đang chạy | E13: Hiển thị danh sách bàn (VD: Bàn VIP04) Hiển thị số món mỗi bàn Mỗi món có tên, giá, số lượng | F13: Hiển thị danh sách bàn (VD: Bàn VIP04) Hiển thị số món mỗi bàn Mỗi món có tên, giá, số lượng | G13: Passed | H13: 46123 | I13: Khiêm | J13: Passed | K13: 46124 | L13: Khiêm
A14: GUI-CNTTPVM03 | B14: Kiểm tra khu vực "Sẵn sàng phục vụ" | C14: 1. Quan sát cột bên phải | D14: Có món sẵn sàng | E14: Hiển thị danh sách món đã chế biến xong- Có label "Sẵn sàng" Có nút "Đã phục vụ" | F14: Hiển thị danh sách món đã chế biến xong- Có label "Sẵn sàng" Có nút "Đã phục vụ" | G14: Passed | H14: 46123 | I14: Khiêm | J14: Passed | K14: 46124 | L14: Khiêm
A15: GUI-CNTTPVM04 | B15: Kiểm tra hiển thị trạng thái món | C15: 1. Quan sát từng item | D15: Có dữ liệu | E15: Trạng thái gồm: "Đã phục vụ", "Xong", "Chờ bếp", "Đang nấu" Màu sắc phân biệt rõ (xanh, xám, vàng, xanh dương) | F15: Trạng thái gồm: "Đã phục vụ", "Xong", "Chờ bếp", "Đang nấu" Màu sắc phân biệt rõ (xanh, xám, vàng, xanh dương) | G15: Passed | H15: 46123 | I15: Khiêm | J15: Passed | K15: 46124 | L15: Khiêm
A16: GUI-CNTTPVM05 | B16: Kiểm tra hiển thị thời gian chờ | C16: 1. Quan sát item bên phải | D16: Có món chờ | E16: Hiển thị "Đã chờ X phút" Có icon cảnh báo nếu lâu hơn 5' | F16: Hiển thị "Đã chờ X phút" Có icon cảnh báo nếu lâu hơn 5' | G16: Passed | H16: 46123 | I16: Khiêm | J16: Passed | K16: 46124 | L16: Khiêm
A17: GUI-CNTTPVM06 | B17: Kiểm tra nút "Đã phục vụ" | C17: 1. Quan sát button | D17: Có món sẵn sàng | E17: Button màu xanh Có icon check Click được | F17: Button màu xanh Có icon check Click được | G17: Passed | H17: 46123 | I17: Khiêm | J17: Passed | K17: 46124 | L17: Khiêm
A18: GUI-CNTTPVM07 | B18: Kiểm tra ô tìm kiếm | C18: 1. Quan sát thanh search | D18: Trang đã load | E18: Có placeholder "Tìm bàn..." / "Tìm món hoặc bàn..." Có icon search | F18: Có placeholder "Tìm bàn..." / "Tìm món hoặc bàn..." Có icon search | G18: Passed | H18: 46123 | I18: Khiêm | J18: Passed | K18: 46124 | L18: Khiêm
A19: GUI-CNTTPVM08 | B19: Kiểm tra nút "Làm mới" | C19: 1. Quan sát góc trên | D19: Trang đã load | E19: Có nút "Làm mới" Click được | F19: Có nút "Làm mới" Click được | G19: Passed | H19: 46123 | I19: Khiêm | J19: Passed | K19: 46124 | L19: Khiêm
A20: GUI-CNTTPVM09 | B20: Kiểm tra hiển thị realtime | C20: 1. Quan sát trạng thái | D20: Hệ thống chạy realtime | E20: Hiển thị "Realtime" Có icon tín hiệu | F20: Hiển thị "Realtime" Có icon tín hiệu | G20: Passed | H20: 46123 | I20: Khiêm | J20: Passed | K20: 46124 | L20: Khiêm
A21: GUI-CNTTPVM10 | B21: Kiểm tra responsive | C21: 1. Resize màn hình | D21: Trang đã load | E21: Layout co giãn hợp lý Không vỡ UI Scroll hoạt động tốt | F21: Layout co giãn hợp lý Không vỡ UI Scroll hoạt động tốt | G21: Passed | H21: 46123 | I21: Khiêm | J21: Passed | K21: 46124 | L21: Khiêm
A22: FUNCTION_SHOW - Cập nhật trạng thái phục vụ món
A23: FUNC-CNTTPVM01 | B23: Cập nhật trạng thái "Đã phục vụ" | C23: 1. Click nút "Đã phục vụ" | D23: Có món sẵn sàng | E23: Món chuyển trạng thái thành "Đã phục vụ" UI cập nhật ngay | F23: Món chuyển trạng thái thành "Đã phục vụ" UI cập nhật ngay | G23: Passed | H23: 46123 | I23: Khiêm | J23: Passed | K23: 46124 | L23: Khiêm
A24: FUNC-CNTTPVM02 | B24: Tìm kiếm theo bàn bên đơn đang chạy | C24: 1. Nhập "VIP04" | D24: Có dữ liệu | E24: Lọc đúng bàn VIP04 Ẩn bàn khác | F24: Không tìm được | G24: Failed | H24: 46123 | I24: Khiêm | J24: Passed | K24: 46124 | L24: Khiêm
A25: FUNC-CNTTPVM03 | B25: Tìm kiếm theo món hoặc bàn bên sẵn sàng phục vụ | C25: 1. Nhập tên món hoặc bàn | D25: Có dữ liệu | E25: Hiển thị đúng món hoặc bàn | F25: Hiển thị đúng món hoặc bàn | G25: Passed | H25: 46123 | I25: Khiêm | J25: Passed | K25: 46124 | L25: Khiêm
A26: FUNC-CNTTPVM04 | B26: Hiển thị cảnh báo món chờ lâu | C26: 1. Đợi > 5 phút | D26: Có món chưa phục vụ | E26: Hiển thị cảnh báo đỏ Có text "Đã chờ X phút" | F26: Hiển thị cảnh báo đỏ Có text "Đã chờ X phút" | G26: Passed | H26: 46123 | I26: Khiêm | J26: Passed | K26: 46124 | L26: Khiêm
A27: FUNC-CNTTPVM05 | B27: Auto cập nhật realtime | C27: 1. Có món mới từ bếp | D27: Hệ thống kết nối | E27: Món tự động xuất hiện Không cần reload | F27: Món tự động xuất hiện Không cần reload | G27: Passed | H27: 46123 | I27: Khiêm | J27: Passed | K27: 46124 | L27: Khiêm
A28: FUNC-CNTTPVM06 | B28: Click "Làm mới" | C28: 1. Click button | D28: Trang đang mở | E28: Reload dữ liệu Không lỗi | F28: Reload dữ liệu Không lỗi | G28: Passed | H28: 46123 | I28: Khiêm | J28: Passed | K28: 46124 | L28: Khiêm
A29: FUNC-CNTTPVM07 | B29: Hiển thị trạng thái đúng | C29: 1. Quan sát item | D29: Có nhiều trạng thái | E29: "Chờ bếp" → "Đang nấu" → "Xong" →"Đã phục vụ" Logic đúng luồng | F29: "Chờ bếp" → "Đang nấu" → "Xong" →"Đã phục vụ" Logic đúng luồng | G29: Passed | H29: 46123 | I29: Khiêm | J29: Passed | K29: 46124 | L29: Khiêm
A30: FUNC-CNTTPVM08 | B30: Không cho click lại "Đã phục vụ" | C30: 1. Click item đã phục vụ | D30: Item đã hoàn thành | E30: Button disabled hoặc ẩn Không gửi request lại | F30: Button disabled hoặc ẩn Không gửi request lại | G30: Passed | H30: 46123 | I30: Khiêm | J30: Passed | K30: 46124 | L30: Khiêm
A31: FUNC-CNTTPVM09 | B31: Scroll danh sách | C31: 1. Scroll list dài | D31: Có nhiều item | E31: Scroll mượt Không lag | F31: Scroll mượt Không lag | G31: Passed | H31: 46123 | I31: Khiêm | J31: Passed | K31: 46124 | L31: Khiêm

Sheet Quản lý đơn hàng (Staff)
A1: Project Name | B1: XÂY DỰNG HỆ THỐNG QUẢN LÝ NHÀ HÀNG THEO MÔ HÌNH TƯƠNG TÁC SỐ ĐA KÊNH
A2: Module Code | B2: Quản lý đơn hàng (Staff)
B3: Hoàn thành | C3: Lỗi | D3: Chưa kiểm tra | E3: Bị chặn | F3: Tổng số trường hợp thử nghiệm
A4: Round 1 | B4: =COUNTIF(G12:G98,"Passed") -> 15 | C4: =COUNTIF(G12:G98,"Failed") -> 0 | D4: =COUNTIF(G12:G18,"Untested") -> 0 | E4: =COUNTIF(G12:G18,"Blocked") -> 0 | F4: =SUM(B4:C4) -> 15
A5: Round 2 | B5: =COUNTIF(J12:J98,"Passed") -> 15 | C5: =COUNTIF(J12:J98,"Failed") -> 0 | D5: =COUNTIF(J12:J18,"Untested") -> 0 | E5: =COUNTIF(J12:J18,"Blocked") -> 0 | F5: =SUM(B5:C5) -> 15
A8: Test Case ID | B8: Mô tả | C8: Hành động | D8: Điều kiện tiên quyết | E8: Kết quả mong đợi | F8: Kết quả thực tế | G8: Kết quả | J8: Kết quả | M8: Chú thích
G9: Vòng 1 | J9: Vòng 2
G10: Trạng thái | H10: Ngày kiểm tra | I10: Người kiểm tra | J10: Trạng thái | K10: Ngày kiểm tra | L10: Người kiểm tra
A11: GUI_SHOW - Kiểm tra giao diện (Giao diện Quản lý & Chi tiết)
A12: GUI-QLDH01 | B12: Hiển thị các thẻ thống kê tổng quan đơn hàng | C12: 1. Staff (Admin/Waiter/Cashier) đăng nhập vào hệ thống 2. Truy cập trang Quản lý đơn hàng | D12: Staff đã đăng nhập với quyền phù hợp Có dữ liệu đơn hàng trong hệ thống | E12: Hiển thị đầy đủ các thẻ thống kê (Tổng hóa đơn, Doanh thu, Đơn hôm nay, v.v.) | F12: Hiển thị đầy đủ các thẻ thống kê (Tổng hóa đơn, Doanh thu, Đơn hôm nay, v.v.) | G12: Passed | H12: 46123 | I12: Khiêm | J12: Passed | K12: 46124 | L12: Khiêm
A13: GUI-QLDH02 | B13: Bộ lọc Tìm kiếm (Mã đơn, Số bàn...) | C13: 1. Staff truy cập trang Quản lý đơn hàng 2. Quan sát phần bộ lọc/tìm kiếm | D13: Staff đã đăng nhập | E13: Ô nhập liệu có placeholder rõ ràng (ví dụ: "Tìm theo mã đơn, số bàn...") | F13: Ô nhập liệu có placeholder rõ ràng (ví dụ: "Tìm theo mã đơn, số bàn...") | G13: Passed | H13: 46123 | I13: Khiêm | J13: Passed | K13: 46124 | L13: Khiêm
A14: GUI-QLDH03 | B14: Bộ lọc Trạng thái (Dropdown) | C14: 1. Staff truy cập trang Quản lý đơn hàng 2. Quan sát dropdown lọc trạng thái | D14: Staff đã đăng nhập | E14: 1. Hiển thị mặc định là "Tất cả" hoặc "All" 2. Khi click hiển thị danh sách các trạng thái (Đã thanh toán, Đã hủy, Đang xử lý...) | F14: 1. Hiển thị mặc định là "Tất cả" hoặc "All" 2. Khi click hiển thị danh sách các trạng thái (Đã thanh toán, Đã hủy, Đang xử lý...) | G14: Passed | H14: 46123 | I14: Khiêm | J14: Passed | K14: 46124 | L14: Khiêm
A15: GUI-QLDH04 | B15: Bộ lọc theo khoảng thời gian | C15: 1. Staff truy cập trang Quản lý đơn hàng 2. Quan sát phần bộ lọc ngày | D15: Staff đã đăng nhập | E15: 1. Hiển thị icon lịch (calendar icon) rõ ràng 2. Date picker hiển thị khi click vào ô 3. Có thể chọn khoảng thời gian hợp lệ | F15: 1. Hiển thị icon lịch (calendar icon) rõ ràng 2. Date picker hiển thị khi click vào ô 3. Có thể chọn khoảng thời gian hợp lệ | G15: Passed | H15: 46123 | I15: Khiêm | J15: Passed | K15: 46124 | L15: Khiêm
A16: GUI-QLDH05 | B16: Bảng danh sách đơn hàng | C16: 1. Staff truy cập trang Quản lý đơn hàng 2. Quan sát bảng danh sách đơn hàng | D16: Staff đã đăng nhập với quyền phù hợp Có dữ liệu đơn hàng trong hệ thống | E16: 1. Các cột hiển thị đầy đủ (Mã đơn, Số bàn, Tổng tiền, Trạng thái, Ngày tạo, Hành động) 2. Dữ liệu hiển thị đúng format (tiền tệ, ngày giờ) | F16: 1. Các cột hiển thị đầy đủ (Mã đơn, Số bàn, Tổng tiền, Trạng thái, Ngày tạo, Hành động) 2. Dữ liệu hiển thị đúng format (tiền tệ, ngày giờ) | G16: Passed | H16: 46123 | I16: Khiêm | J16: Passed | K16: 46124 | L16: Khiêm
A17: GUI-QLDH06 | B17: Nút "Xuất Excel" | C17: 1. Staff truy cập trang Quản lý đơn hàng 2. Tìm nút "Xuất Excel" hoặc "Export" | D17: Staff đã đăng nhập với quyền phù hợp Có dữ liệu đơn hàng trong hệ thống | E17: 1. Có icon Excel 2. Nút ở trạng thái enable (có thể nhấn) | F17: 1. Có icon Excel 2. Nút ở trạng thái enable (có thể nhấn) | G17: Passed | H17: 46123 | I17: Khiêm | J17: Passed | K17: 46124 | L17: Khiêm
A18: GUI-QLDH07 | B18: Popup Chi tiết đơn hàng | C18: 1. Staff truy cập trang Quản lý đơn hàng 2. Nhấn vào icon "Xem chi tiết" của một đơn hàng 3. Quan sát popup hiển thị | D18: Staff đã đăng nhập với quyền phù hợp Có dữ liệu đơn hàng trong hệ thống | E18: 1. Popup hiển thị đè lên trung tâm màn hình 2. Background bị làm mờ (overlay) 3. Có nút "X" đóng ở góc trên bên phải | F18: 1. Popup hiển thị đè lên trung tâm màn hình 2. Background bị làm mờ (overlay) 3. Có nút "X" đóng ở góc trên bên phải | G18: Passed | H18: 46123 | I18: Khiêm | J18: Passed | K18: 46124 | L18: Khiêm
A19: FUNCTION_SHOW - Kiểm tra chức năng Quản lý đơn hàng và Chi tiết đơn hàng
A20: FUNC-QLDH01 | B20: Tìm kiếm theo Mã đơn hàng chính xác | C20: Nhập mã "5B2DC4D7" và quan sát. | D20: Có dữ liệu trong hệ thống. | E20: Chỉ hiển thị đúng 1 dòng có mã tương ứng. | F20: Chỉ hiển thị đúng 1 dòng có mã tương ứng. | G20: Passed | H20: 46123 | I20: Khiêm | J20: Passed | K20: 46124 | L20: Khiêm
A21: FUNC-QLDH02 | B21: Lọc đơn hàng theo Trạng thái | C21: Chọn "Đã hủy" trong dropdown. | D21: Có đơn hàng ở các trạng thái khác nhau. | E21: Danh sách chỉ hiển thị các đơn hàng có nhãn "Đã hủy". | F21: Danh sách chỉ hiển thị các đơn hàng có nhãn "Đã hủy". | G21: Passed | H21: 46123 | I21: Khiêm | J21: Passed | K21: 46124 | L21: Khiêm
A22: FUNC-QLDH03 | B22: Lọc theo khoảng ngày hợp lệ | C22: Chọn Từ ngày 01/04/2026 đến 05/04/2026. | D22: Đã có đơn hàng trong khoảng thời gian này. | E22: Hiển thị đúng các đơn hàng phát sinh trong khoảng ngày đã chọn. | F22: Hiển thị đúng các đơn hàng phát sinh trong khoảng ngày đã chọn. | G22: Passed | H22: 46123 | I22: Khiêm | J22: Passed | K22: 46124 | L22: Khiêm
A23: FUNC-QLDH04 | B23: Chức năng nút "Đặt lại" | C23: Nhập dữ liệu vào các ô lọc và nhấn "Đặt lại". | D23: Đang có dữ liệu lọc. | E23: Các ô lọc quay về trạng thái mặc định, danh sách hiển thị đầy đủ. | F23: Các ô lọc quay về trạng thái mặc định, danh sách hiển thị đầy đủ. | G23: Passed | H23: 46123 | I23: Khiêm | J23: Passed | K23: 46124 | L23: Khiêm
A24: FUNC-QLDH05 | B24: Xem chi tiết đơn hàng | C24: Nhấn vào icon "Con mắt" ở cột Hành động. | D24: Đang ở trang quản lý đơn hàng. | E24: Hiển thị đúng thông tin của mã đơn hàng đó (Số bàn, Danh sách món, Tổng tiền). | F24: Hiển thị đúng thông tin của mã đơn hàng đó (Số bàn, Danh sách món, Tổng tiền). | G24: Passed | H24: 46123 | I24: Khiêm | J24: Passed | K24: 46124 | L24: Khiêm
A25: FUNC-QLDH06 | B25: Chức năng Phân trang | C25: Chọn "10" hoặc "20" mỗi trang hoặc nhấn nút chuyển trang. | D25: Tổng số đơn hàng > 10. | E25: Số lượng dòng hiển thị thay đổi tương ứng, thông tin số trang cập nhật đúng (ví dụ: 1 đến 10 trong 75). | F25: Số lượng dòng hiển thị thay đổi tương ứng, thông tin số trang cập nhật đúng (ví dụ: 1 đến 10 trong 75). | G25: Passed | H25: 46123 | I25: Khiêm | J25: Passed | K25: 46124 | L25: Khiêm
A26: FUNC-QLDH07 | B26: Xuất file Excel | C26: Nhấn nút "Xuất Excel". | D26: Hệ thống có dữ liệu. | E26: Tải xuống file .xlsx chứa đúng danh sách đơn hàng đang hiển thị. | F26: Tải xuống file .xlsx chứa đúng danh sách đơn hàng đang hiển thị. | G26: Passed | H26: 46123 | I26: Khiêm | J26: Passed | K26: 46124 | L26: Khiêm
A27: FUNC-QLDH08 | B27: Đóng popup chi tiết | C27: Nhấn nút "Đóng" hoặc dấu "X". | D27: Đang mở popup chi tiết. | E27: Popup đóng lại, quay về màn hình quản lý đơn hàng | F27: Popup đóng lại, quay về màn hình quản lý đơn hàng | G27: Passed | H27: 46123 | I27: Khiêm | J27: Passed | K27: 46124 | L27: Khiêm
